# v0.23.34 — High — the deployment scripts, and five services in a restart loop

## High — the deployment scripts, and five services in a restart loop

### V23-50 — what `setup.sh` and `update.sh` were actually doing · CONFIRMED → RESOLVED

#### The outage

Five services — coordinator-api, pool-hub, gpu, marketplace, trading — were restart-looping
with the same import-time traceback:

```
PermissionError: [Errno 13] Permission denied: '/var/lib/aitbc/api_keys.json.lock'
```

`aitbc/auth/api_key.py` stores keys at `/var/lib/aitbc/api_keys.json` and takes a file lock on
`<path>.lock` beside it. **`filelock` unlinks the lock on release** (`_unix.py:107`), so it is
created fresh on every acquisition — which needs write permission on the *directory*, not on
`api_keys.json`. `setup.sh` set `/var/lib/aitbc` to `root:root 755` while chowning only `data/`
to `aitbc`. `APIKeyManager()` is instantiated at module scope in `aitbc.auth`, so every service
importing it died during import.

First occurrence 2026-08-10 18:14; 22,742 of them; pool-hub was on restart #143 by Aug 11
00:00. It predates the V23-49 migration work by more than a day and is unrelated to it.

`setup.sh` now sets `root:aitbc 2775` and **verifies it with `sudo -u aitbc test -w`** rather
than trusting the chmod, because the chmod is the part that was already there in spirit and
still produced this. `keystore/` and `credentials/` stay `root:root 700`.

#### `update.sh` was migrating the wrong databases, with the services running

Three separate defects in one function:

**It never loaded any service's DB config.** It sourced `/etc/aitbc/<svc>.env`. The installed
files are `/etc/aitbc/aitbc-<svc>.env` — the same `aitbc-` prefix the unit-file check *three
lines above* already used. Nothing matched for blockchain-node, gpu, edge or coordinator-api;
pool-hub worked only because it happens to have a file under both names. So coordinator-api
migrated its default sqlite path on every update while its env file pointed `DATABASE_URL` at
production Postgres. A bare `source` would not have been enough either: alembic is exec'd, so
it inherits only *exported* variables.

**It migrated live databases.** Step 5 ran before the step 6 restart, so every migration
executed while the service held its database open. A SQLite money-column conversion goes
through `batch_alter_table(recreate="always")`, which drops and rebuilds the table. Each
service is now stopped for the duration of its own migration and restarted after.

**blockchain-node was migrating an empty file**, for the reason V23-49 records. It is now
skipped unless `DATABASE_URL` is given, and the skip prints the exact per-island command for
each `chain.db` found.

#### The fix that was worse than the bug, caught by running it

Fixing the filename with `set -a; source` exported `DATABASE_URL` into the loop, so it leaked
from one service to the next: coordinator-api's Postgres URL was inherited by edge, gpu,
pool-hub and trading, all of which would then have migrated *into coordinator-api's database*.

This was not visible by reading the diff. It showed up in a stub harness — `systemctl` and
`alembic` replaced with scripts that echo `DATABASE_URL` — lifted from the real
`run_migrations` rather than a copy of it. The env file is now read in a subshell to decide,
and sourced inside the per-service subshell so nothing outlives the service it belongs to.
Re-run with env files for three different services, each gets its own URL and the service
between them still gets `<unset>`.

#### Two more

`setup.sh` sourced `$SCRIPT_DIR/utils/deploy_common.sh` — but it lives in `scripts/utils/`, not
`scripts/deployment/utils/`. That path never existed, so the `if [ ! -f ]` fallback fired on
every single run and **curl'd the helper from GitHub `main` instead**. Setup was running a copy
of its own helper that had nothing to do with the checkout being deployed, and editing the
local file did nothing. Now `../utils/`, with the download kept for piped-from-curl installs.

The manual-follow-up summary listed "blockchain-node, pool-hub, governance, trading" as the
services with an `alembic.ini`, long after coordinator-api, edge and gpu had one — and the
blockchain-node command it printed was precisely the one that migrates the empty database. The
list is discovered now.

#### `dev/setup.sh` could not reach its own success message

It ran ruff, `ruff format --check`, mypy on `aitbc/` and the unit tests, then printed "All
checks passed". It could not: `ruff format --check .` failed on five files, and with
`set -euo pipefail` the script aborted there. Pre-commit's `ruff-format` hook only sees changed
files, so those five had sat unformatted. They are formatted here (46 lines, mechanical), and
the check list now also runs the two ratchets pre-commit enforces — the apps mypy baseline and
the float-money guard — which it had never run, so "All checks passed" could be true locally
and false at commit time. `--check` now completes: 2,104 files formatted, mypy clean, 0 known
float-money violations, 1,362 unit tests.

#### One suppression, on purpose

The `shell-strict-mode` ratchet blocked this commit: both deployment scripts are touched, and
neither is fully strict. Satisfying it would have meant a semantic change to production
behaviour as a side effect of an unrelated fix — `update.sh` refuses `set -e` at its own
line 37 because it counts per-service failures and continues, and errexit would abort a
multi-service deploy at the first one; `setup.sh` is 1,400 lines of installer with many
legitimately-unset optionals that `set -u` would abort on, untestable from here.

That is the wholesale flip V23-23 warned about, arriving through the check written to prevent
it. So the checker grew a `SKIP_SETTINGS` map: **per setting, not per file.** `update.sh` is
exempt from `set -e` alone and still required to have `-u` and `pipefail`; `setup.sh` is exempt
from those two and still required to have `-e`. Each entry names the gap and why. A script with
a real omission still fails, verified. Converting either properly is its own task.

**Still needs a human.** The live host was not repermissioned — that command was refused by the
sandbox and is deliberately left for an operator:

```
chown root:aitbc /var/lib/aitbc && chmod 2775 /var/lib/aitbc
```

Until it runs, those five services stay in their restart loop.

### V23-51 — a signature that does not survive a sync hop

**Confirmed.** `apps/blockchain-node/src/aitbc_chain/rpc/blocks.py`,
`apps/blockchain-node/src/aitbc_chain/sync_block_import.py`.

Found from the deployed node's journal: 10,031 warning lines in 24 hours, of which

    Block rejected: signature validation failed                                    3,815
    Block import failed during bulk at height N: Unsigned block and no trusted
      proposer set configured                                                      2,377
    Block gap too large (N blocks), forcing pull sync despite push mode            2,375

The follower has been pinned at height 93,274 since 2026-08-03 while the hub advanced to
105,564 — a gap of 12,287 blocks, growing about one a minute. An earlier pass recorded this
as "node stuck, unsigned block" and left it, because the message reads like a chain-side or
configuration problem. It is neither.

A block is signed once, by its proposer, at production time: `consensus/poa.py:419` calls
`_sign_block_hash` and writes `signature=block_signature` into the row. Every node that
receives that block afterwards authenticates the proposer from that field. Three places
dropped it.

- `get_blocks_range` — the endpoint peer sync pulls from — built a seven-field dict and
  omitted `signature`.
- `get_block` did the same, in both the response and the header dict it seeded the cache
  with. Fixing only the response would have made the field appear on a cache miss and vanish
  on a hit.
- `sync_block_import._append_block` validated `block_data["signature"]` and then constructed
  the `Block` row without it — so the check was single-use. The block verified on the way in
  and was stored unsigned.

Individually each is invisible: every field anyone asked about was present and correct. The
`blocks-range` response is well-formed JSON, `get_block` returns a complete-looking block,
and the import path does verify the signature before accepting. Together they mean a signed
chain becomes unsigned the moment it crosses an RPC boundary, and `validate_block_signature`
— which fails closed, correctly — can never authenticate anything it did not produce itself.
The deployed follower's `block` table has a `signature` column and **0 of 93,275 rows
populated**, which is not evidence the upstream chain is unsigned; it is the consequence of
the field never having been transmitted or stored.

Confirmed against the live hub rather than inferred. `/rpc/blocks-range` with the exact
parameters `sync_bulk.fetch_blocks_range` sends returns blocks keyed
`hash, height, parent_hash, proposer, state_root, timestamp, transactions, tx_count` — no
`signature`, on a chain whose every block above genesis was proposed by
`ait1db5247d03ca2e40f3995a583b2c097ab703efd4d`.

The four new tests in `tests/test_block_signature_roundtrip.py` fail on the unfixed tree, and
`test_signature_survives_a_sync_hop` fails with the production string verbatim —
`Block rejected: Unsigned block and no trusted proposer set configured`. It exports from one
node, imports into a second that never saw the proposer's key, and asserts the stored
signature still verifies and can be re-served to a third.

The existing `test_import_valid_signed_block` asserted `block.proposer` after a successful
import and stopped there. That is why three separate drops of an adjacent field on the same
row went unnoticed: the tests checked that import *succeeded*, never that what was stored was
what was sent.

**Does not retroactively fix the deployed follower.** Its 93,274 stored blocks have no
signature and re-serving them will not produce one. Once the hub runs the fixed serializer,
new blocks carry signatures and sync resumes from the tip; the historical rows stay unsigned
unless refetched. Setting `trusted_proposers` to the hub's proposer ID is the documented
escape hatch and would unblock it immediately, at the cost of accepting unauthenticated
blocks on the strength of TLS to the hub alone — an operator's call, not a default.

### V23-52 — the hub signs with a key that is not the proposer it declares

**Confirmed**, and **not fixable in this repo** — it is a keystore/config fault on
`hub.aitbc.bubuit.net`. The code change here is diagnostic only.

V23-51 shipped and the hub was redeployed. The follower's rejection message changed:

    before:  Unsigned block and no trusted proposer set configured
    after:   Invalid proposer signature

which is progress — the signature now crosses the wire and is actually being checked — and
the node is still pinned at 93,274. The deploy report gave the height as 105,586; that is the
hub's height. The follower has imported nothing.

The hub's blocks all declare proposer `ait1db5247d03ca2e40f3995a583b2c097ab703efd4d`, which
is the documented genesis proposer (`docs/getting-started/node/blockchain-setup.md:90`).
Recovering the address from the signatures instead gives
`0xFe2d63FE87Db282083b9159e5857Cac788af9E03` — consistently, across every block sampled, and
an identity that appears nowhere in the repo, the genesis metadata, or the node config.
`ait1` is a legacy prefix stripped to the `0x` body (`cli/aitbc_cli/utils/crypto_utils.py`),
so these are two different keys, not two spellings of one.

Sign/verify round-trips correctly in this codebase — checked with a fresh keypair — so the
crypto is sound and the hash formatting is not at fault (verification fails under every
0x-normalisation). The hub is simply signing with a key it is not claiming.

Every follower validating signatures will reject every block the hub produces, and will go
on doing so after any amount of redeployment. Resolving it is a hub-side decision between
giving the node the key for its declared identity, or declaring the identity that actually
signs — the first preserves the chain's documented proposer, the second rewrites it, and
neither is ours to pick from here.

**What was fixed.** `verify_block_signature` said "Invalid proposer signature" and stopped,
so a forged block and a proposer using the wrong key produced the same line. It now names
both addresses — recovered and expected — which are public. This is the log half of exactly
the distinction V23-04 drew for the metrics half, and it is why that finding's test file is
where the new tests live. Identifying this took fetching a block and recovering the address
by hand; the next occurrence is one line of log.

### V23-53 — an idempotency fix that only works on one of the two backends

**Confirmed**, and a regression introduced by the fix for the problem it was solving.

`6a2413138` made two migrations re-runnable, because a deploy had to be run with
`--no-migrate` to get past them. The coordinator-api half is fine. The governance half
rewrote `002_v073_onchain_governance_fields` from Alembic operations into raw SQL:

    ALTER TABLE proposals ADD COLUMN IF NOT EXISTS chain_id VARCHAR NOT NULL DEFAULT 'ait-hub'
    ALTER TABLE votes    DROP COLUMN IF EXISTS tx_hash

Both spellings are PostgreSQL-only. SQLite rejects them outright —
`near "EXISTS": syntax error` — and `apps/governance/alembic/env.py:26` defaults `DB_TYPE`
to `"sqlite"`. Production carries `DB_TYPE=postgresql` in `/etc/aitbc/aitbc-governance.env`,
so the new SQL passes exactly where it was tested and fails everywhere else: CI, a fresh
checkout, and anyone running `alembic` without sourcing the service env. Confirmed by running
the chain against a scratch SQLite file both ways — the previous version of the file reaches
head, the new one aborts on the first statement. A migration that had worked on both backends
now works on one.

The verification in the report — "`alembic upgrade head` passed for governance" — was true
and load-bearing in the wrong direction. It ran with the production env sourced, which is the
one configuration where the bug is invisible.

Fixed by asking the database instead of encoding the answer in the SQL: `sa.inspect(bind)`
reports existing columns and indexes on every backend, so the migration keeps the Alembic
operations it always used and gains a guard that is not dialect-specific.

`003_v023_voting_ends_block` had the same non-idempotent `add_column` and was not part of
that commit. Left alone, it would have moved the abort one revision later without changing
the outcome — `alembic upgrade head` still stops, just at 003 instead of 002. Fixed the same
way.

Verified on SQLite: fresh database reaches head; rewinding `alembic_version` to 001 and
re-running the whole chain over the existing schema completes cleanly; every column appears
exactly once afterwards. Postgres is unchanged by construction — the guarded path issues the
same `op.add_column`/`op.create_index` calls the pre-`6a2413138` file did, which production
has already run successfully.

Also: the coordinator-api migration in that commit was committed unformatted, which
`ruff-format` runs as a pre-commit hook and would have caught. Reformatted here.

### V23-54 — the legacy address spelling never verifies

**Confirmed.** `aitbc/crypto/signature_recovery.py`.

The hub was repointed at the key it actually holds: `PROPOSER_ID` and the keystore now say
`ait1fe2d63fe87db282083b9159e5857cac788af9e03`, and block 105,628 onward declare it. The
signatures still did not verify, and the V23-52 log line said why in one line:

    recovered 0xFe2d63FE87Db282083b9159e5857Cac788af9E03
    expected  ait1fe2d63fe87db282083b9159e5857cac788af9e03

Identical on all forty hex characters. `verify_signature` lowercased both and compared them
as plain strings, so `0x` against `ait1` is unequal and always was.

`ait1`/`aitbc1` is the chain's own legacy spelling of an `0x` address — `validate_address`
accepts it (`aitbc/utils/validation.py:30`), `cli/aitbc_cli/utils/crypto_utils.py:312` strips
it to the `0x` body, and every block the hub has ever produced declares its proposer that
way. So no legacy-addressed block could verify regardless of which key signed it.

`canonical_address` now reduces both sides before comparing, and only strips the prefix when
what follows is exactly 40 hex characters — one-to-one with the `0x` body, so it cannot merge
two addresses that differ. Confirmed against the live hub: 105,628–105,630 verify, 105,626
still fails (genuinely the wrong key), 105,627 carries no signature at all.

**Three defects stacked in the same rejection**, which is why it took three passes to reach
this one. While V23-51 kept the signature from ever crossing the wire, no block reached the
comparison. Once it did, V23-52's key mismatch was real and fully explained the failure. Only
after the hub was repointed did the remainder isolate to the prefix. Each fix was necessary,
each looked complete, and the same log line survived all three — which is the argument for
V23-52's change: a rejection that names what it recovered and what it expected turns the
fourth pass into reading one line.

**The trusted-proposer fallback does not work here**, contrary to the deploy note.
`sync_validator.validate_block_signature` verifies whenever a signature is present; the
`trusted_proposers` branch is reached only when the block is *unsigned*. Blocks
93,275–105,627 now arrive signed and wrong, so they fail the signature check before trust is
consulted. That range cannot be imported by any follower that validates signatures, whatever
`trusted_proposers` is set to.

### V23-55 — the follower could not bootstrap past the unverifiable range

**Confirmed.** Operational; `scripts/ops/backfill-follower-gap.sh`.

V23-51..54 fixed every code defect that kept a follower from verifying hub blocks, and the
follower still could not sync. The reason is not a bug: 93,275–105,626 were signed with a key
the hub no longer holds, and 105,627 carries no signature at all. Those blocks cannot be made
to verify — the evidence needed to check them does not exist anywhere. `sync_block_import`
rejects `height > our_height + 1` with "Gap detected", so the node could not skip the range
either. Head stayed at 93,274 from 2026-08-03 while the hub reached 105,6xx.

`trusted_proposers` is not the escape hatch. `sync_validator.validate_block_signature` only
consults trust for *unsigned* blocks; a present-but-wrong signature fails first (V23-54).

So the range was written directly, and the manual trust decision scoped to exactly the blocks
that provably cannot be checked. Everything from 105,628 on was left to normal validated sync.

**Why that is exact here and not an approximation.** The script refuses to write unless four
things hold, checked against what the hub actually serves:

  - heights are a contiguous run from the local head to the anchor
  - `parent_hash` linkage is unbroken across the whole range
  - **zero transactions** in all 12,353 blocks
  - `state_root` is constant across the range and equal to the local head's

The last two are what make this a header-only backfill rather than a state guess. No balance
moves in an empty range, and the local account state was already correct for the hub's tip —
`state_root` was byte-identical at 93,274, 105,627 and 105,628. Had any block carried a
transaction, the script would have refused: the state would then depend on blocks it is
copying headers for, and copying headers would silently diverge the ledger.

After writing it re-reads the database and checks head, duplicate heights, and linkage across
the entire chain, not just the inserted range.

Result: 12,353 rows inserted, head 93,274 → 105,627, 0 duplicates, 0 linkage breaks. The node
resumed at 105,628 and imported forward under full signature validation. Follower head now
equals hub head (105,659 at the time of writing), all 32 blocks past the anchor signed and
verified. First time the gap has been zero since 2026-08-03.

**Two bugs in the script itself, both found by running it.**

The exit trap restarted only units it had stopped itself. Run against services that were
already down it restarted nothing while printing "Services restart on exit" — which is what
happened on the first real run: the backfill succeeded, the node stayed down, and the follower
sat at the anchor with the hub 27 blocks ahead. The trap now restores the *intended* end
state rather than a diff of what the run changed, skipping masked units. Resuming sync is the
entire point of the script, so it must not exit with the node stopped.

`DRY_RUN=1` stopped the services and wrote a 72 MB backup before doing nothing. A check that
changes nothing must not take production down to perform it; dry run now skips both and
clears the trap, and the stray backup was removed.

Both are the same mistake in different clothes — reasoning about what the script *does* rather
than what state it *leaves behind*, which is also the recurring theme of this release log.

### V23-56 — the genesis wallet and the block proposer are two different addresses

**Confirmed.** `cli/aitbc_cli/commands/market/exchange.py`, `cli/aitbc_cli/config.py`,
`docs/getting-started/free-ait.md`, `docs/getting-started/node/blockchain-setup.md`.

Flagged after V23-52 as "`GENESIS_WALLET_ADDRESS` now points at `ait1fe2d63fe…` while
`ait1db5247d0…` is still hardcoded in the CLI — a faucet request would go to the wrong
address." That framing was backwards, and checking the chain says so in one query:

    ait1db5247d0…   balance 3,599,933,198,340   nonce 37
    ait1fe2d63fe…   {"detail":"Account not found"}

`ait1db5247d0…` is the **genesis allocation** — the funded treasury AIT transfers are sent
*from*. `ait1fe2d63fe…` is the **proposer identity** blocks are signed *as*; it holds nothing
and has never had an account. They were never meant to be the same value, and V23-52's fix
was correct: it repointed the *signing* identity. The hardcoded address in the CLI was right
all along.

The real defect is that nothing anywhere recorded that these are different roles, so the two
kept being substituted for each other:

- `exchange.py:118` hardcoded the treasury mid-function while reading the wallet, chain id and
  RPC URL from config. It happened to hold the correct value, so it worked — and silently
  disagreed with `GENESIS_WALLET_ADDRESS`, which `bridge-monitor` (`main.py:38`, paired with
  `GENESIS_WALLET_PRIVATE_KEY`) and blockchain-node escrow (`escrow_routes.py:26`) both read
  for the same purpose. Now read from `CLIConfig.genesis_wallet_address`, which resolves that
  env var, so all three agree.
- The two "address format" examples in `free-ait.md` were **live funded accounts** — the
  treasury, and someone's wallet holding 5,047,200 at nonce 50. A getting-started page is
  exactly where an example gets copy-pasted as a destination. Replaced with well-formed but
  non-real addresses (both still validate and canonicalise to the same body, so they still
  demonstrate what the section claims).
- `blockchain-setup.md` gained a table stating the distinction outright, because the failure
  is silent: pointing `GENESIS_WALLET_ADDRESS` at the proposer yields transfers from an
  account that does not exist while block production stays perfectly healthy.

**`PROPOSER_ID` is not inert on a follower**, which is the opposite of what was about to be
written into that doc. `main.py:246` filters gossip with it, skipping any block whose
`proposer` equals the node's own as self-proposed, so copying another node's `PROPOSER_ID`
makes a follower silently discard that node's blocks and recover only via bulk RPC sync.

An earlier draft of this entry claimed that had happened here, on the grounds that
`/etc/aitbc/blockchain.env` line 7 reads `PROPOSER_ID=ait1db5247d0…` — the address the hub
proposed as until V23-52. Asking the running node instead of the file says otherwise, and
turns up something worse. `/health` reports:

    "proposer_id": "ait17add2a952e8349c5aed65ac503569c37"

**The same env file sets this setting twice, under two spellings, with two different values** —
line 7 `PROPOSER_ID`, line 24 `proposer_id`. Both reach the process (confirmed in
`/proc/<pid>/environ`), and `CLIConfig`-style `case_sensitive=False` settings resolve the
lowercase one, so line 24 wins and line 7 is dead text that reads like configuration. No
gossip was being discarded; the claim above was wrong.

What does bite is the value that wins. `ait17add2a95…` carries **32** hex characters, not 40.
`validate_address` accepts it — it does not check the body length — but `canonical_address`
only strips the prefix at exactly 40 hex, so it passes through unchanged and can never
compare equal to the `0x` address recovery returns. A node configured this way logs
`Failed to load proposer key from keystore` on every start (visible in this follower's journal
at 10:26:44 and 10:28:46), and any block it did produce would fail verification on every peer
for the V23-54 reason, one layer deeper. Harmless here only because this node is a follower
with block production disabled.

Not fixed in this release: it is deployment configuration on an operator's machine, not repo
content. Recorded so the next person to read that file knows line 7 is inert.

Guarded by `tests/cli/test_genesis_wallet_is_configured.py`: the env var overrides the
default, and no module under `cli/` outside `config.py` may contain a quoted `ait1`/`aitbc1`
+ 40-hex literal. Verified the guard fails on the pre-fix line and passes after it.

**Still needs an operator (hub-side).** `/etc/aitbc/blockchain.env` on the hub sets
`GENESIS_WALLET_ADDRESS=ait1fe2d63fe…`. `bridge-monitor` already reads that and would attempt
transfers from an account with no balance, and after this change the CLI reads it too. It
should be `ait1db5247d03ca2e40f3995a583b2c097ab703efd4d`. `PROPOSER_ID` on the hub stays
`ait1fe2d63fe…` — that one is correct.

### V23-57 — nothing checked that a key matched the identity it was labelled with

**Confirmed.** `apps/blockchain-node/src/aitbc_chain/{proposer_identity,main,app}.py`,
`cli/aitbc_cli/commands/market/exchange.py`, `docs/getting-started/free-ait.md`.

Three defects with one root. Found while answering "what should be done on the hub", after
the operator confirmed the treasury private key is not on that host: `GENESIS_PRIVATE_KEY`
and `/var/lib/aitbc/wallets/genesis.json` both derive to `0xFe2d63FE…`, the block-signing
address, while `genesis.json` declares `ait1db5247d0…`.

**1. The keystore trusted the label, not the key.** `_load_private_key_from_keystore` matched
files on the `address` field they declared and never derived the address from the key inside.
So one secp256k1 key was labelled as three different identities across `proposer.json`,
`wallets/genesis.json` and `node.env`, and every one of them loaded clean. That is the whole
mechanism behind V23-51..55: the hub signed 12,353 blocks as an address it could not prove.
The file's own claim was the thing that was wrong, so it cannot also be the thing that is
checked. A file whose key does not derive to its declared address is now refused, loudly.

**2. Nothing stopped a node from producing blocks it could not sign.** A failed key load
logged a warning and start-up continued. That is how block 105,627 was appended with no
signature at all. `assert_can_sign` now refuses to start when block production is on and the
node has no key, an empty `PROPOSER_ID`, or a key controlling a different address.

Placed at the two points where production actually begins — `BlockchainNode._start_proposers`
and the `app.py` lifespan branch — not at import. A node that never proposes is never blocked
by it, which matters because `enable_block_production` **defaults to `True`** and the real
gate is `blockchain_mode`. An earlier draft asserted at import time and would have refused to
start the deployed follower, whose `proposer_id` is the 32-hex value from V23-56 with no
matching key. Caught by running the deployed entry points before committing, not by reasoning
about them.

In `app.py` the call sits *outside* the following `try`, which turns any failure into a
warning and carries on — the same swallow that let this run for 12,353 blocks.

Both faults are unrecoverable once written, because the chain commits to them. Every
validating follower stalls at the first bad block permanently and the only remedy is manual
database surgery on each one. A refused start is a five-minute fix.

**3. The CLI transfer was never signed.** `mint_ait` built its payload with no `signature`
field. `/rpc/transactions/marketplace` has rejected unsigned transactions since `80268e892`
(2026-07-14) with `403 Signature required`, so `aitbc market exchange mint-ait` cannot have
worked for the four weeks since. Now signed with the key for `genesis_wallet_address`, read
from `GENESIS_WALLET_PRIVATE_KEY` as a `SecretStr` so it cannot reach a log line via `repr`.

Tested against the server's real verifier rather than a copy of the format
(`tests/cli/test_exchange_signs_transactions.py`): canonical JSON is easy to almost match,
and a stray separator yields a 403 that says nothing about which side drifted. Also covers
tamper detection and that both sides exclude the signature field from the signed bytes.

**Also:** `free-ait.md` claimed the hub "signs an Ed25519 transaction". There is no Ed25519
anywhere in `aitbc/crypto/` — signing is secp256k1 throughout, and `_load_private_key_from_keystore`
carried the same wrong word in its docstring. Doc drift that sends someone hunting for the
wrong key type, which is exactly the afternoon this entry came out of.

Verified: 737 passed / 17 skipped (blockchain-node, +8 new), 1146 passed / 46 skipped
(tests/cli, +4 new), ruff clean, and both deployed entry points still import.

---

### V23-58 — the hub published its own cluster credentials, and the repo told it to

**Reported by the operator**, who noticed nginx serving `/agent/blockchain-secrets.env`
publicly and flagged it as "pre-existing and unrelated to the chain reset". It is
pre-existing. It is also the most serious finding in this pass, and the repo is where it
came from — this was not a hand-edit on one host.

**Confirmed live before changing anything:** the endpoint returned HTTP 200, 231 bytes,
unauthenticated, serving both `COORDINATOR_API_KEY` and `SECRET_KEY`. (Verified by shape and
byte count with values redacted; the values are not in this log.) Scoped the surrounding
directory at the same time: `/agent/` is not browsable, and `node.env`,
`aitbc-coordinator-api.env`, `keystore/proposer.json` and `wallets/genesis.json` all 404.
Only this one file was exposed.

These are credentials, not configuration:

- `COORDINATOR_API_KEY` is the fallback for `X-Api-Key` miner auth in
  `aitbc/auth/dependencies.py:167`. Presenting it authenticates as role `miner`.
- The agent-coordinator faucet and websocket routers accept `COORDINATOR_API_KEY` **or**
  `SECRET_KEY` (`routers/coin_requests.py:44`, `routers/websocket.py:32`), so the two are not
  independent. On this hub they are byte-identical, which collapses the distinction entirely.

**Nothing ever needed it published.** `blockchain-node` reads neither variable — grepped the
whole app, no hits. A node joining the island to follow and validate the chain needs
`blockchain.env` and `genesis.json`, both of which are genuinely public. The one file that had
to be secret was the only one that had to be fetched.

**Worse than the endpoint: the live secret is committed.** `ENVIRONMENT_CONFIGURATION.md`
printed both values under "Example blockchain-secrets.env", and the deployed hub's values
match it byte for byte (compared by hash; nothing printed). It entered in `dcfa58039`,
2026-06-06, under the commit message *"feat: comprehensive AITBC platform with clean
security"*, and `github.com/oib/AITBC` is a public repository. So the credential has been
readable three ways for over two months: served by nginx, rendered on the docs site, and
present in the git history of a public clone.

**Why it survived a year of review — it looked deliberate at every layer.** An nginx block
with a comment. A documented `curl` in four separate guides. A clickable link on the hub
landing page, annotated "required for follower nodes to authenticate with the hub" (which is
false — no follower reads it). And a doc line stating outright: *"For open islands, these keys
are public (downloadable from hub)."* That sentence is the root cause. "Open island" describes
who may **join the chain**; it was read as describing who may **authenticate to the services**.

One reviewer got within a line of it. `setup-service-selection.md:151` says the governance DB
password is "**never** read from `blockchain-secrets.env` — that file is published on the
website for followers to join the island and must not contain database credentials." They saw
the exposure, correctly kept Postgres credentials out of the blast radius, and routed around
the publication rather than closing it.

**Fixed:**

- `examples/nginx/nginx-aitbc.conf.example` — removed the alias; added
  `location ~ ^/agent/.*secret { return 404; }`. A regex, deliberately: nginx matches regex
  locations before prefix locations, so a future `location /agent/ { alias /etc/aitbc/; }` —
  the obvious way this comes back — still cannot expose it.
- `website/index.html`, `website/README.md` — replaced the advertised endpoint with
  `genesis.json`, which is what a joiner actually needs.
- `open-island-joining-guide.md`, `node-quickstart.md`, `setup-reference.md`,
  `ENVIRONMENT_CONFIGURATION.md` — the `curl` instructions now fetch `blockchain.env` and
  `genesis.json` only, and say plainly that the secrets file is not published and not needed
  to follow the chain.
- `ENVIRONMENT_CONFIGURATION.md` — the live values replaced with visibly unusable
  placeholders; the "these keys are public" note replaced with what each credential actually
  authorises; added generation via `openssl rand -hex 32` (two *different* values, since
  either one alone opens both surfaces) and a rotation procedure.
- `setup-service-selection.md` — corrected the stale "is published on the website" claim
  while keeping the advice it justified, which was right for a second reason: that file
  reaches every wallet and coordinator host, a far wider audience than needs Postgres.

**Guard:** `tests/security/test_secrets_are_not_published.py` — seven tests pinning the
invariant rather than any one file: no nginx location may `alias`/`root` a secrets file, the
regex deny must exist and return 404, nothing may advertise such an endpoint, no doc outside
`docs/releases/` may `curl` one over HTTP, and no literal hex credential may sit in an example
block. Verified against the pre-fix tree in a scratch checkout: **7 failed before, 7 pass
after.** The first draft passed one test pre-fix — the README's table entry is wrapped in
backticks, which the pattern missed — so the character class now includes it. A guard that
passes on the bug is worse than no guard.

**Operator action, and the repo fix does not substitute for it:**

1. **Rotate `COORDINATOR_API_KEY` and `SECRET_KEY`.** Mandatory. The values were served
   publicly and are in the history of a public repo; deleting them changes nothing about who
   already holds them. Rotation across the wallet, agent-coordinator and event-bridge hosts
   together — the old and new values are not accepted simultaneously.
2. **Give them different values.** Identical values mean a single leak is a total leak, with
   nothing to fall back on mid-rotation.
3. **Remove the location block from the *active* nginx config** and reload. The repo example
   is fixed; the deployed config is a separate file on the host.
4. **Check nginx access logs** for `GET /agent/blockchain-secrets.env` to scope who fetched
   it and when.
5. Consider whether the git history needs rewriting. Rotation makes the committed value
   worthless, which is the cheaper and more reliable remedy; history rewriting on a public
   repo with existing clones does not retract anything.

**Verified:** 7 passed (new security suite), ruff clean, 7-fail/7-pass differential against
the pre-fix tree.

---

### V23-59 — a follower could not bootstrap without permanently weakening its validation

Surfaced by the chain reset: after `reset-follower-to-genesis.sh` this node sat at
`{"detail":"no blocks yet"}` and could not reach height 1, with a correct `genesis.json`
already installed at `/var/lib/aitbc/data/<chain>/genesis.json`.

`_ensure_genesis_for_chains()` was called only in the hub branch of `main.py`. A follower
therefore had no block 0 of its own and had to receive one over sync — but block 0 is unsigned
by construction (`proposer="genesis"`, no signature), and `sync_validator.py:77` fails closed
on unsigned blocks unless `TRUSTED_PROPOSERS` is non-empty.

**The available workaround was the actual defect.** A non-empty trusted set is not an
exception carved out for genesis; `sync_validator.py:67` applies it as an allowlist to *every*
block, checked before the signature is examined. So the only way to import one unsigned block
was to permanently narrow which proposers the node would ever accept. Worse, the obvious
value — `TRUSTED_PROPOSERS=genesis` — gets you past block 0 and then rejects block 1 with a
different error, because the hub's real proposer is now excluded. Both entries are needed, and
nothing says so.

**Fixed:** the follower branch now calls `_bootstrap_genesis_for_follower()`, which builds
block 0 the same way the hub does. `TRUSTED_PROPOSERS` can stay empty, which is the strict
setting.

**This trusts nothing new**, which is the part worth being sure of. `_ensure_genesis_block`
takes the hash and state_root out of `genesis.json` (or the hub's RPC bootstrap) rather than
recomputing them. The node writes the hub's exact block 0 or it writes a different hash and
fails the next block's parent_hash check immediately — it cannot quietly fork onto a genesis
of its own invention. Verified against the deployed file: the hub publishes the values under
`block.hash` / `block.state_root` with no top-level `genesis_hash`, and the loader's fallback
reads exactly those, resolving to `0x7a444401f721fd10…`.

Failure is logged, not raised. Followers already syncing with `TRUSTED_PROPOSERS` set and no
local `genesis.json` keep working unchanged; a hub still raises, correctly, since it has
nothing to fall back on.

**Tests:** `apps/blockchain-node/tests/test_follower_genesis_bootstrap.py` (7). The fixture
uses the hub's real file shape rather than a flatter invented one — a test built around a
top-level `genesis_hash` would pass while the real file failed. Two tests pin the reasoning
rather than the fix: that an unsigned genesis is rejected with an empty trusted set, and that
a non-empty set filters ordinary blocks too. Those are why the fix exists, and they would
otherwise be the first thing lost.

**Also corrected on this host (V23-56's operator item):** `/etc/aitbc/blockchain.env` carried
`PROPOSER_ID` twice — the treasury address on line 7, a malformed 33-hex value on line 24 —
with the lowercase spelling winning. Collapsed to a single empty `PROPOSER_ID`, backup written
alongside. Empty is correct rather than merely tidy: `main.py:246`'s gossip self-filter drops
any block whose proposer matches `PROPOSER_ID`, so a stale value there is a way to silently
discard the hub's own blocks, and no block has an empty proposer. A follower has no proposing
identity to declare.

**Verified:** 744 passed / 17 skipped (blockchain-node, +7 new, no regressions), ruff clean.
`settings.proposer_id` now resolves to `''` with `blockchain_mode='follower'` and
`trusted_proposers=''`. **The node still needs a restart to pick this up.**

---

### V23-60 — RPC genesis bootstrap could never reach an HTTPS hub

Found in the operator's `journalctl` output while confirming V23-59 had worked:

```
Trying to fetch genesis block from http://https://hub.aitbc.bubuit.net
Failed to fetch genesis block from http://https://hub.aitbc.bubuit.net: [Errno -2] Name or service not known
RPC bootstrap for genesis block failed for all peers
```

The peer URL normalisation tested only for `http://` before prepending `http://`:

```python
if peer_url.startswith("http://"):
    peer_url = peer_url.replace("http://", "")
peer_url = f"http://{peer_url}"
```

An `https://` URL fails that test, so nothing is stripped and a second scheme is bolted on.
The result is a hostname that cannot resolve. Duplicated verbatim in
`_load_genesis_block_from_rpc` and `_load_genesis_allocations_from_rpc`.

**Why it went unnoticed:** the failure is indistinguishable from the hub being down. The peer
loop catches the exception, logs a DNS error, and falls through to the local `genesis.json` —
so on any node that has that file, bootstrap "works" and the log line reads as a network
blip. A node relying on RPC bootstrap, which is the whole point of the path, has nothing to
fall back on. Every TLS-fronted hub is affected, which is every hub reachable by name.

**Fixed:** one `_with_scheme()` helper used at both sites, preserving an existing scheme.
This is not a new convention — `aitbc/sync/source_resolver.py:51` and `sync_bulk.py:133`
already test for both schemes. `poa.py` was the only place in the repo that got it wrong,
which is why the fix is local rather than a new shared utility.

**Tests:** 5 added to `test_follower_genesis_bootstrap.py`, including an end-to-end one
asserting on the URL actually handed to the HTTP client — the defect lived in the caller's
inlined copy, so a helper-only test would have passed against the broken code.

**Not a defect, checked while here:** the paired log lines `Created 0 accounts from genesis
allocations` / `Initialized 1 accounts from genesis.json` are both accurate — the first counts
newly inserted rows and skips accounts that already exist, the second counts allocations
processed. Confirmed against the running node: the treasury account holds 3,600,000,000,000,
matching the hub.

**Verified:** 749 passed / 17 skipped (blockchain-node, +5 new), ruff clean. V23-59 confirmed
working in production — this follower built block 0 as `0x7a444401f721fd10…`, the hub's exact
hash, and resumed syncing.

---

### V23-61 — two passing test files were deleted by the red-CI cleanup

While diagnosing the red gates on `main`, I traced the four remaining local failures to three
root causes, none of which was the event-loop misconfiguration this log previously blamed:

1. Nine tests in `tests/cross_phase/test_critical_failures.py` errored because
   `MultiValidatorPoA.__init__` raises unless `multi_validator_consensus_enabled` is set. That
   flag defaults False pending security review. The guard governs what a *node* may run in
   production; it is not a property those tests assert. Fixed with an autouse fixture that
   patches the setting on the object the constructor reads — an env var would arrive too late,
   since the setting resolves at import.
2. `calculate_dest_timelock()` gained two required arguments when someone correctly observed
   that block heights on two chains are independent, so the remaining *duration* is what
   converts between them. The tests still called the three-argument form, and the assertion
   they made — `dest_tl * 3 < source_tl * 5` — multiplies absolute heights on unrelated
   chains. Rewritten to compare remaining durations against the margin.
3. `/v1/register` and `/v1/login` moved to a wallet-signature challenge. The tests still
   posted a bare email and username, and one used `auth_login_wallet_<hex>` as a wallet
   address, which is not 20 hex bytes.

**The correction that matters more than any of the three:** the earlier entry in this log
attributing ~999 failures to `Runner.run() cannot be called from a running event loop` was
wrong. `asyncio_mode = "auto"` has been set in `pyproject.toml` throughout. That number came
from a measurement I did not re-derive before repeating, and re-running the suite locally
produced 4 failures, not 514.

**Restored:** `tests/integration/test_auth.py` and `tests/integration/test_atomic_settlement.py`
were deleted by `ab846475c` ("remove skipped, errored, and failed test functions"). Both were
already **passing** at its parent — fixes for (2) and (3) had landed in that same parent — and
both pass now, 24 tests between them. They were removed while green.

That commit deleted 269 files, 41,658 lines. Across the five `test(cleanup)` commits
(`0edfb53b7..ab846475c`) it is 193 test files and roughly 51,000 lines. The configured suite
went from 4,300 passing to 2,748 — the gates went green by removing about a third of the
tests, not by fixing them. Only these two files are restored here, because those are the two
whose green status I verified; the remaining 191 need a decision that is not mine to make.

---

### V23-62 — the faucet's treasury endpoint had no tests, and the deleted ones were green

Two findings, from following up the `test(cleanup)` sweep.

**1. `POST /api/v1/agent/coin-requests/execute` was untested on both sides.**

It is the only path in the tree that moves money without a signature from the payer: past one
bearer-token check it calls `generate_signed_transaction` against the genesis wallet. The CLI
that drives it was covered by `tests/cli/test_commands_coin_requests.py`, which the sweep
deleted — so the whole path was uncovered while the hub was publishing the key that opens it
(V23-58).

New: `apps/agent-coordinator/tests/test_coin_request_execute_auth.py`, 9 tests. Five pin what
holds today — no key and a wrong key are refused, either `COORDINATOR_API_KEY` *or*
`SECRET_KEY` is accepted (the two are one credential), a valid key signs from the treasury, and
a payout above the balance is refused. A fake `TransactionService` stands in for the signer so
no test can emit a transaction.

The other four are `xfail(strict=True)`, which keeps the suite green today and fails loudly the
moment the endpoint is fixed rather than sitting as a comment nobody reads. They state what
should hold and does not: the amount and destination should come from the stored request rather
than the POST body, an unknown `request_id` should be refused, and the same request should not
pay twice. `request_id` reaches the handler and is used in exactly one place — a log line. The
hub never loads the request, never checks it was approved, never checks it exists, never records
that it paid. So the endpoint is a general "send N from the treasury to X" primitive wearing the
name of a narrower operation, and its authority is the treasury balance rather than the approval.

**2. Every security-sensitive file the sweep deleted that I could run, passes.**

The rationale for deleting 191 files was that they were failing and the debugging cost was not
worth it — reasonable on its face. Measured against the current tree, it does not hold for this
subset. Twelve of the deleted files sit in auth, crypto, signing, escrow or payment paths and
run under a context I could reproduce. All twelve pass: **128 tests, zero failures.** Among
them:

- `test_block_signature_roundtrip.py` (4) — the regression guard for the signature being
  dropped across the RPC boundary, the defect that left the follower stalled at height 93,274
  for nine days with 12,287 blocks of backlog.
- `test_commands_coin_requests.py` (6) — the CLI half of the treasury path above.
- `test_auth_middleware.py` (4), `test_security.py` (10), `test_security_headers.py` (23),
  `test_confidential_transactions.py` (32), `test_property_crypto.py` (14),
  `test_dispute_auth.py` (11), `test_escrow.py` (13), `test_security_init.py` (2).

Restored all ten not already recovered under V23-61. Root suite 2,748 → **2,833**;
blockchain-node → **471**. Both green.

Four more (`coordinator-api`, `api-gateway`, `aitbc-sdk`) need their own PYTHONPATH per CI's
separate invocations and were not measured, so their status is unknown rather than green.

**What this says about the sweep, narrowly:** its criterion caught tests that were failing *at
some point*, not tests failing *now* — several had been fixed in the interim, including two
whose fixes landed in the sweep's own parent commit. Gating on a red result in the current run
would have kept these 128. The remaining ~63 files outside this security subset are untested by
me and may well be genuinely rotted; nothing here argues otherwise.

---

### V23-62 (fix) — the execute endpoint now consults the request it claims to execute

The four `xfail(strict=True)` tests added above are now passing tests. `request_id` had been
reaching the handler and going nowhere but a log line; it is now the only field that matters.

`POST /api/v1/agent/coin-requests/execute` loads the row, and everything about the payment comes
from it: 404 if the hub has no such request, 409 if it is not `APPROVED`, and the amount and
destination read off the stored request rather than the POST body. A body that disagrees is
logged as a warning and ignored, which means a tampered request pays the approved recipient the
approved amount instead of being silently honoured — the mismatch shows up in the log rather
than in the treasury balance.

**Why the API key was never enough.** It answers "may this caller ask the hub to execute
something", which is a much weaker question than "may this payment happen". It is one shared
secret held by every island operator, and it was being served over plain HTTP at
`/agent/blockchain-secrets.env` (V23-58) — so the endpoint's real authority was the treasury
balance, 3.6e12, rather than any approval. Now the authority is the row, and the key only
decides who may ask.

**Replay and concurrency.** A repeat call returns 200 with the original `tx_hash` and
`already_executed: true` rather than an error. That is the case this endpoint actually meets:
the CLI posts, the hub signs and submits, the response is lost in transit. An error on retry
leaves the operator unable to tell whether it paid; the original hash lets them reconcile. Two
*simultaneous* calls are a different problem — both would pass a plain "has it executed yet"
check — so the request is claimed with a conditional
`UPDATE ... WHERE transaction_hash IS NULL` before anything is signed, and the loser of that
race gets 409. A submission that fails releases its claim, so a blockchain blip does not strand
the request; if the process dies mid-flight the row keeps a visible `claiming:<timestamp>`
marker, which fails in the direction of a stuck request rather than a double payment and can be
cleared by hand.

Success is recorded against the row (`transaction_hash` plus an audit line), which is what makes
the replay guard work at all and what makes `coin-requests list` show the payment.

Twelve tests, all passing. Six of them fail against the old handler, which is the check that
they test the fix rather than describe it. The other six are the pins that already held — the
auth gate, the balance check, and the claim-release path, which passed before only because the
old code never wrote a claim to release.

**Operational note, needs an operator decision.** The hub now refuses a `request_id` it has no
row for. Requests created against the hub's own agent WebSocket are in its database and are
unaffected. A request that only ever existed in a *follower's* database — if that flow is in use
— will now be refused, and it should be: the hub was taking the follower's word for the amount
and the destination, which is the defect. Making that flow work again needs the request
registered at the hub, not the check removed.

Separately, and not fixed here: `get_db_path()` defaults to
`/var/lib/aitbc/data/agent_coin_requests.db`, but the only such database on this host is
`hermes_coin_requests.db` (8 rows, 4 approved, 2 executed) from before the v0.5.9 rename. No
migration moved them and no deployed env file sets `AGENT_DB_PATH` or `HERMES_DB_PATH`. Reads
and writes agree with each other, so nothing is broken, but the older rows are orphaned.

---

### V23-62 (registration) — how a follower's request gets a row at the hub

The execute fix refuses a `request_id` the hub has never seen, which is correct and broke a
real flow: the hub's own database showed `req-follower-1782118019`, so requests raised on
follower islands do reach it. Those requests exist only in the island's database, so the hub
has nothing to consult. `POST /api/v1/agent/coin-requests/register` is how it gets a row.

The whole design question is what status that row may take. If registering wrote an approved
row on the caller's word, register-then-execute would hand back exactly what the execute fix
stopped giving away — an arbitrary treasury transfer for anyone holding the shared API key,
one call further along. So the hub decides, and it decides with the policy it was already
applying over the WebSocket: an agent's first request is granted automatically, anything after
that waits for a human.

That rule lived inside `request_coins_handler`, which was fine while the WebSocket was the only
way to create a request. It now lives in `services/faucet_policy.py` where both entry points
can reach it. A registered request is approved when it is the sender's first grant *and* within
`FAUCET_AUTO_APPROVE_MAX` (default 360000, the 100 AIT the hub has always granted); otherwise
it is recorded as pending with a reason the caller can read, and an operator approves it by
hand. Setting the ceiling to 0 turns automatic approval off entirely.

One deliberate difference from the WebSocket version: the prior-grant check counts approved
requests whether or not they have been executed. `agent_stream` counts only executed ones,
which is safe there because it signs immediately — the gap between approving and paying is
microseconds. Here the gap is however long the operator takes to run `execute`, so counting
only executed grants would let an agent register twice, collect two approvals and spend both.
The WebSocket copy is untouched; its narrower check is noted as debt rather than changed in a
security fix, since it means editing the live grant path.

Registration is idempotent on `request_id`, and a second registration with different terms is
refused with 409 rather than allowed to overwrite. Without that, register-100, collect the
approval, re-register-3.6e12 walks the amount up past the ceiling that just rejected it.

The CLI registers before forwarding, and stops with the hub's reason when the answer is
pending instead of forwarding an execute that would only 409.

24 tests across the two files, all passing. The ones that carry the argument are
`test_a_pending_registration_cannot_be_executed` and
`test_re_registering_with_a_different_amount_is_refused`: together they say that the two
endpoints in sequence grant no more than either grants alone, which is the property the whole
design rests on.

---

### V23-63 — the hub's genesis key was correct; the comparison was wrong

The hub could not sign anything. Every execute returned 500, and the journal said:

    GENESIS_ADDRESS (ait1fe2d63fe87db282083b9159e5857cac788af9e03) does not match the
    secp256k1 address derived from GENESIS_PRIVATE_KEY (0xFe2d63FE87Db282083b9159e5857Cac788af9E03)

Read the two strings rather than the sentence between them. `fe2d63fe87db282083b9159e5857cac788af9e03`
against `Fe2d63FE87Db282083b9159e5857Cac788af9E03` — the same forty hex characters, differing only
in the prefix and the checksum casing. It is one address written two ways, and it is the treasury
account holding 3.6e12. The key was right the whole time.

`transaction_service.py:113` compared them with `.lower()`, which normalises the casing and not
the prefix, so `ait1fe2d…` never equals `0xfe2d…` however correct the key is. `canonical_address`
was written for precisely this under V23-54, when the same mistake was stalling the block-proposer
check; `TransactionService` never picked it up. This closes the second instance.

This also revises V23-57. That finding read the same symptom as a missing or wrong treasury key on
the hub. It is neither — the key is present and correct, and no key needs to be supplied.

**Which spelling goes on the wire is a separate bug in the same lines.** The node verifies `from`
against the recovered signer canonically (`rpc/utils.verify_transaction_signature` → `canonical_address`),
so either spelling would verify. But its account lookups do not canonicalise anything — all three
of them, in `rpc/accounts.py`, `sync_state.py` and `consensus/poa.py`, match `Account.address` as an
exact string. The account is stored under whatever `GENESIS_ADDRESS` says, so signing as the derived
`0x` form asked for the nonce of an address the chain has no row for, and would have transferred
from an account that does not exist. `from` and the nonce lookup now use the configured spelling.
`get_balance` already did, which is why the balance check passed and the failure surfaced at signing.

Seven tests. Four fail against the old code, including the `ait1` case that is the hub's actual
configuration. Root 2840, blockchain-node 471, both green — this is a shared crypto library, so
the whole tree is the regression surface.

Not fixed here: the three exact-match account lookups are a latent version of the same defect, and
any account written in one spelling and queried in another will silently read as absent. That wants
a single normalisation point on the node's account access rather than three call-site patches.

---

### V23-64 — the account canonicalisation is right; it dropped escrow's foreign keys on the way

`bee3e4a83` closed the latent half of V23-63: an `AccountAddress` column type that normalises
`0x…`, `ait1…` and `aitbc1…` to one lowercase `ait1` form on both bind and result, plus the same
normalisation on trie keys. That is the right shape of fix — one normalisation point on account
access rather than patches at each call site — and it works. Two things came with it.

**The escrow foreign keys are gone.** The new columns were written as
`Field(sa_column=Column(AccountAddress(), foreign_key="account.address"))`. `foreign_key=` is
SQLModel's `Field` argument, not SQLAlchemy's `Column` argument; `Column` reads unrecognised
keywords as `<dialect>_<option>`, so it parsed this as a dialect named `foreign` with an option
`key` and dropped the constraint. SQLAlchemy said so —
`SAWarning: Can't validate argument 'foreign_key'; can't locate any SQLAlchemy dialect named 'foreign'`
— at import, where nothing was watching. `Escrow.__table__.foreign_keys` was empty. Now
`ForeignKey("account.address")`, and asserted.

**It arrived without tests, and the suite could not have caught it.** 471 tests passed both
before and after, and the SAWarning does not surface in a pytest run. Added 46, in
`test_account_address_canonicalization.py`. Most are the round trip — 25 of them are every
spelling written against every spelling queried — but two carry real weight:

- `test_the_state_root_does_not_move_for_an_already_canonical_chain`. Trie keys feed the state
  root and the state root is recorded in every block. If normalisation changed the key for
  accounts already spelled `ait1`, every historical block would fail verification and the node
  would diverge from its peers. Measured: unchanged for a canonical chain, changed for a chain
  holding any `0x`, `aitbc1` or mixed-case account. So the change is safe exactly to the degree
  the chain is already canonical, which is a fact about the deployed data, not about the code.
- `test_escrow_still_references_the_account_table`, which fails against `bee3e4a83`.

**Also folded in:** `_to_ait_address` now delegates its parsing to `canonical_address` rather
than reimplementing the prefix and hex-length rules. There are now two spellings of "canonical"
in the tree — `0x` for the signature layer, `ait1` for storage — and that is fine as long as they
agree on *what counts as an address*. Two independent copies of that rule is how they stop
agreeing, and the failure would be the chain and the signature layer disagreeing about who owns
an account.

Root 2886, blockchain-node 517, both green.

**Unresolved, and it needs the hub's data to answer.** `process_bind_param` normalises the value
in a query but does not rewrite rows already stored. Any existing account, transaction or escrow
row written as `0x…` is now unreachable — queries bind `ait1…` and miss it — and an insert for
that same account will succeed as a second row with a separate balance. The local chain database
is empty post-reset, so this could not be measured here. Before this reaches a node with history,
count the non-canonical rows and migrate them.

---

### V23-65 — the account normalisation rewrites two fields that a signature covers

The chain reset cleared the one `aitbc1` row that had already tripped this. It did not remove
the cause, and the cause is reachable from outside.

`AccountAddress` normalises on bind *and* on result. For `Account.address` that is right: it is
a lookup key, nothing signs it, and normalising it is what closed V23-63. `Transaction.sender`
and `Transaction.recipient` are a different kind of column. They are `from` and `to` in the
message the client signed, and `rpc/utils.verify_transaction_signature` rebuilds that message
out of them to check it. Rewriting either one changes the message, and a changed message does
not recover to the signer.

The node accepts a transaction signed with `0x` spellings — `verify_signature` compares the
recovered address canonically, so a hex-form client verifies fine on submission. Measured:

    verifies as submitted        : True
    submitted from / to          : 0x19E7E376E7C213B7E7e7e46cc70A5dD086DAff2A / 0xc1c1…c1
    served    from / to          : ait119e7e376e7c213b7e7e7e46cc70a5dd086daff2a / ait1c1c1…c1
    verifies as served to a peer : False

A follower replaying that block rebuilds the message from what it was served, the signature does
not recover, and `state/state_transition.py:86` returns `Invalid signature`. The follower stops
at that block. That is the shape of the stall that left it nine days and 12,287 blocks behind on
a different cause.

Nothing is broken today because every address on the post-reset chain is `ait1`, and normalising
an address already in that form is the identity. It needs one client that signs in hex form. The
API does not stop anyone being that client.

Two `xfail(strict=True)` tests state it, so CI stays green now and fails the moment it is fixed,
plus two that pass: the premise (the node really does accept a hex-form signature) and the reason
today is safe (an all-canonical transaction round-trips unchanged).

**The fix is a split, not a revert.** `Account.address` and the escrow columns keep the
normalisation — they are keys and nothing signs them. The two signature-covered columns should
store verbatim, and lookups should canonicalise the value they search *for* rather than the value
they store: given an address, search the three spellings of it. Not implemented here because
these are live consensus files under simultaneous edit from the hub, and a conflicting change to
them would cost more than a latent defect with a strict-xfail pointing at it.

---

### V23-65 (fix) — signed columns store what was signed

The two `xfail(strict=True)` tests above are now passing tests.

`Transaction.sender` and `Transaction.recipient` are plain columns again. They hold whatever
spelling the signer used, because they are `from` and `to` in the message the signature covers
and `verify_transaction_signature` rebuilds that message out of them. `Account.address` and the
escrow columns keep `AccountAddress` — they are keys, nothing signs them, and normalising them
is what closed V23-63. That split is the whole fix.

Reverting the column type was not enough on its own. Every writer was passing the canonicalised
local it had just computed for the account lookup, so the row would have been normalised anyway
with the type gone. All four now take the raw `from`/`to` off `tx_data` at the point of
construction — `consensus/poa.py` twice, `sync_block_import.py` twice — while the canonicalised
locals stay where they belong, addressing `Account` rows and keying `account_map`.

Storing verbatim would have reintroduced V23-63 for transaction history, so the three lookups
that search by address now widen instead: `lower(column) IN (ait1…, 0x…, aitbc1…)`, via
`address_spellings`. Lowercasing the column is what catches a checksummed `0x` spelling, whose
case cannot be enumerated. The mapping is one-to-one on the 40-hex body so this cannot reach a
different account, and a value that is not an address — a proposer id, an alias — is searched
for as itself rather than expanded.

18 tests in `test_signed_fields_survive_storage.py`: the round trip, the end-to-end verification
a syncing follower performs, 12 combinations of stored-spelling against searched-spelling, and
the two negative cases. blockchain-node 535, root 2904, both green.

No migration. The hub's chain was reset to an all-canonical history, so every stored row is
already `ait1`, and the widened lookup finds both those and anything written verbatim from here.

The index caveat is deliberate: `lower(column)` will not use the plain index on `sender` and
`recipient`. These three queries are balance reconciliation and transaction history, not the
block path, and a functional index can be added if either becomes hot. Correctness on money
first.

---

### V23-66 — the coin-request database claims a payout the chain has never heard of

`req-follower-1782118019` records a `transaction_hash` for a transaction that no longer exists.
The hub's chain was reset on 2026-08-15 and rebuilt from genesis; the coin-request database was
not, and nothing connects them. So it goes on asserting that a payout settled, on a chain nobody
has any more.

Fixing that one row by hand would have taken a minute and taught nothing. The two stores can
disagree by construction — one is the chain, the other is an application database beside it —
and there was no way to find out that they had.

**The chain could not be asked.** `/rpc/transactions` describes transactions in bulk with
filters for type, island and order, but there was no way to ask "do you have this hash". Added
`GET /rpc/transaction/{tx_hash}`, 404 when it does not. The 404 is the part with a consumer.

**`aitbc coin-requests reconcile`** checks every request holding a hash against the chain and
reports the ones it has never heard of. Read-only by default, so it is safe on a schedule;
`--annotate` writes the finding into each affected request's audit log and still clears nothing.

**`aitbc coin-requests reopen <id>`** clears one hash so the request can be paid again. Separate
command, one request at a time, named explicitly — because that hash is the only thing standing
between a request and a second payout, here and at `/execute`. It refuses when the chain still
holds the transaction, and refuses when the chain cannot be reached to say either way. That
second refusal is the one worth having: an unreachable node looks exactly like a missing
transaction unless the code distinguishes them, and treating them alike invites reissuing a
payout that was made perfectly well. `--force` exists and says so in the output.

For `req-follower-1782118019` specifically the answer is *not* to reopen it: `-v2` was already
issued and paid. Annotate it, so the record says what happened rather than nothing.

14 tests. The three that carry the design are the two refusals in `reopen` and
`test_annotate_records_the_discrepancy_but_still_does_not_clear_it` — annotating a whole
database must never make anything payable. blockchain-node 538, root 2918, both green.

**V23-66a — the endpoint 404'd every hash, and the test that should have caught it mocked it away.**
Reported from the hub: `reconcile` called `GET /rpc/transaction/{tx_hash}` without a `chain_id`
and got a 404 for all nine executed requests. The endpoint's fault, not the caller's —

    resolved_chain_id = get_chain_id(chain_id if chain_id else "")

`get_chain_id` falls back to the node's own chain for `None` only; an empty string comes back
unchanged, and `chain_id == ""` matches no transaction. So the documented default — omit the
parameter, get this node's chain — answered "no such transaction" for every hash on the chain.
Now `get_chain_id(chain_id or None)`.

`test_rpc_get_transaction.py` stubbed `get_chain_id` as `lambda _requested: CHAIN_ID`, which
swallows the argument and returns the right answer no matter what is passed. It pinned that the
call happened, not that it was right. It now configures `settings.chain_id` and lets the real
resolution run; the two new cases fail on the old code and pass on the new.

The hub's fix passed `chain_id` from `TransactionService().chain_id` at the call site. Reverted:
that is `CHAIN_ID` from the environment, defaulting to `ait-hub`, while the hub actually serves
`ait-hub.aitbc.bubuit.net` — a client-side guess at something the node already knows, wrong
exactly where it matters. A wrong guess 404s every hash, which reads as "not one of these
payouts happened", which is the state that invites reopening requests that were paid. The node
answers for its own chain; `--chain-id` stays available on both commands for a node serving
several islands, and is sent only when given.

blockchain-node 540, root 2922.

---

### V23-67 — one grant per agent turned out to mean one grant per *name*

`req-follower-1782118019` was granted 100 AIT to `ait1c10f…`. `req-follower-1782118019-v2` was
granted 100 AIT to the same `ait1c10f…` and auto-approved. Reported from the hub, with the
cause: the second request declared `sender="follower-ait-reset"` where the first declared
`sender="follower"`.

`has_prior_grant` keyed on `sender`. `sender` is a string in the registration body — the caller
writes it, nothing ties it to an identity, and changing it costs nothing. So the faucet's
one-grant-per-agent rule was one-grant-per-name, and `wallet_address`, the field that actually
receives the money, was never counted against at all. Rotate the name, collect again.

Now keyed on the destination as well, canonically. The canonical part is not decoration:
`ait1<body>`, `aitbc1<body>` and `0x<body>` are the same twenty bytes, so matching the stored
string exactly would have left the identical bypass to anyone who respelled the address —
V23-63 as a payout mechanism rather than a stall. The sender clause stays; it costs one `OR`
and catches an agent asking twice for two different wallets.

**The WebSocket handler had the same defect and is the worse of the two.** `/register` writes a
row an operator later executes; `agent_stream.request_coins_handler` signs and submits on the
spot, so there a bypass is a completed payout. It also required `transaction_hash IS NOT NULL`,
counting only *executed* grants — defensible while it was the only way to create a request,
since it pays microseconds after approving. `/register` is a second way in and writes approved
rows that stay unexecuted for as long as the operator takes, so the same wallet could collect
from both paths. Both now count approved rows whether or not they have been paid.

**None of the agent-coordinator tests were running.** `apps/agent-coordinator/tests` was not in
`testpaths` — not the register tests, not the `/execute` authority tests, not anything. The
suite that covers whether the hub pays out was sitting next to the code and never ran, which is
how this reached production with tests beside it that would have caught nothing anyway. Added
to `testpaths`, with `apps/agent-coordinator/src` on `pythonpath`. Root goes 2922 → 3041.

13 new tests. Seven fail on the old policy, including `test_renaming_the_sender_does_not_buy_a
_second_grant`, which is the hub's own sequence replayed.

Not fixed here, and worth an operator's attention: the two granted requests to `ait1c10f…` are
both real. The chain reset discarded the first, so only 100 AIT was ever actually paid to that
wallet — the double grant did not become a double payout, by luck rather than design.

---

### V23-68 — a key named for a coordinator, published as if it were a faucet token

The hub publishes `COORDINATOR_API_KEY` in `https://hub.aitbc.bubuit.net/agent/blockchain.env`,
a file it serves to anyone (200, 1215 bytes). The intent is sound — an island needs to call
`/register` and `/execute` without an operator handing out credentials — but that key is not
scoped to those two endpoints:

  - `WS /api/v1/agent/messages/stream` accepts it, and `agent_id` there is a query parameter
    with the key as the only check. The holder connects *as any agent*, and that path carries
    `request_coins_handler`, which signs and submits a treasury transfer on the spot rather
    than writing a row for review.
  - `require_miner_api_key` falls back to it when `miner_api_keys` is empty. It defaults to
    `[]` and nothing under `/etc/aitbc/` sets `MINER_API_KEYS`, so the fallback is live and
    the key is a miner credential on coordinator-api's miner, settlement and marketplace
    routers — roughly nineteen endpoints.

Withholding `SECRET_KEY` while publishing this one buys nothing either: `_require_api_key`
accepts either. On the machine this was written from the two variables hold the same value.

`FOLLOWER_API_KEY` is the key that can be published, because it reaches `/register` and
`/execute` and nothing else. Those two are bounded by the hub's own records rather than the
caller's word — `/execute` takes amount and destination from the stored row (V23-62), and
`/register` writes rows the faucet policy has ruled on (V23-67). A holder can ask for a first
grant to a wallet, which is what a faucet is for, and can do nothing else. The hub keys are
still accepted there so operators keep working.

The interesting tests are the negative ones. `test_the_follower_key_does_not_open_the_agent
_websocket` and `test_the_follower_key_is_not_a_miner_credential` are what make the key
publishable; both fail if anyone widens a check later, which was confirmed by widening one.
`test_the_miner_fallback_still_accepts_the_hub_key` pins the fallback as deployed behaviour —
not an endorsement, but better in a test than discovered from a published file.

The fallback is warned about rather than removed, since deployed miners may rely on it; the
silent promotion is the part worth ending. `docs/ops/follower-api-key.md` carries the rollout,
including the rotation that is now unavoidable.

15 new tests. Root 3041 → 3056, blockchain-node 540.

**Operator actions, none of which are code:** generate `FOLLOWER_API_KEY`; publish it and
remove `COORDINATOR_API_KEY` from the public file; rotate `COORDINATOR_API_KEY` and
`SECRET_KEY`, which are both public and must be assumed compromised; set `MINER_API_KEYS`.

---

### V23-69 — fourteen of sixteen app test suites had never run

V23-67 turned up `apps/agent-coordinator/tests` sitting outside `testpaths`. It was not a
one-off: `testpaths` listed two app suites out of sixteen, leaving **58 test files** that no
run has ever collected — including 112 tests for coordinator-api, a deployed service, and the
suites for wallet, exchange, marketplace, trading, gpu and pool-hub.

Nine of them were healthy and passed unchanged the first time they were run. Adding them cost
one line each. Root goes 3056 → **3378**.

Three defects only became visible once they ran together, and all three are the kind that a
per-app run would never have shown.

**A test stubbed numpy for the whole process.** `apps/ai-engine/tests/test_unit_ai_engine.py`
did `sys.modules["numpy"] = MagicMock()` at module scope, which executes during *collection* —
before any test runs. `tests/unit/test_property_crypto` then failed all 14 of its tests on
`No module named 'numpy.random'; 'numpy' is not a package`. numpy has been installed the whole
time; the stub was never needed. Removed.

**The deployed machine's configuration leaked into every test.** Importing
`cli/aitbc_cli/commands/coin_requests.py` reads `/etc/aitbc/blockchain.env` and
`blockchain-secrets.env` into `os.environ` — deliberately, since the CLI needs them before it
imports storage — so collection put the hub's real `BLOCKCHAIN_RPC_URL`, `GENESIS_*` and
`AGENT_DB_PATH` in front of every test that followed. Six config tests asserting a default read
the hub's value instead. The failure direction that matters is the other one: a test can pass
against deployed state that a clean CI box would never have, and nobody would know. A root
`conftest.py` now sets `AITBC_SKIP_ENV_FILES`, which `_load_env_file` honours; deployments do
not set it and are unaffected.

**One `sys.path` insert changed module identity across the whole run.**
`apps/exchange/tests/conftest.py` did `sys.path.insert(0, parents[2])` under a comment saying
"repo root". `parents[2]` is `apps/`. With `apps/` on `sys.path`, pytest derives a different
module name for every other suite — `apps.agent-coordinator.tests.conftest` becomes
`agent-coordinator.tests.conftest` — so a conftest already imported under the first name was
imported *again* under the second. Two module objects for one file: the fixture patched
`FakeTransactionService` in one copy and the test read `instances` from the other, so ten
faucet tests reported that nothing had been signed while the endpoint had signed correctly.
They passed alone and failed together. The insert was never needed — the repo root is on
`pythonpath` — and is gone.

Not added, because they do not collect: `apps/blockchain-explorer/tests` (1 collection error),
`apps/miner/tests` (3), `apps/zk-circuits/tests` (3). Each needs its own look; they are named
in `pyproject.toml` next to the ones that were added so the omission stays deliberate.

---

### V23-70 — the last three app suites, and a guard for the failure that hid them

V23-69 left three suites out because they did not collect: `blockchain-explorer` (1 error),
`miner` (3), `zk-circuits` (3). The errors were `No module named 'main'`,
`'production_miner'` and `'zk_cache'` — one shared cause. These three keep their modules at
the app root instead of under `src/`, so nothing on `pythonpath` reaches them and no import
of theirs has ever resolved.

The obvious fix reintroduces the bug V23-69 just finished removing. Putting an app root on
`sys.path` makes pytest derive `tests.test_...` for that app's test modules, because it walks
up from the test file past `__init__.py` directories to a basedir and shortens the name when
that basedir is importable. `tests` is already in `sys.modules` — it is the repo-root
package — so the app's tests either collide with it or silently shadow it.

So each of the three needs **both** halves: a `tests/conftest.py` that inserts its own app
directory, and deletion of that suite's `tests/__init__.py`. Either half alone is fine; only
the combination breaks, which is exactly the property that makes it easy to reintroduce. The
inserted entry is the app directory and never `apps/` — `apps/` sits above all sixteen test
directories and renames every one of them at once. None of the three suites use relative
imports, so dropping the package costs nothing. `apps/miner/src` also joins `pythonpath`,
since miner imports `miner_app.reinvestment` as well.

`tests/unit/test_suite_module_identity.py` now pins both rules: `apps/` is never on
`sys.path`, and no `tests` package has its own app root on `sys.path`. These are static
checks over the eighteen app test directories, so they fail on the introduction rather than
on the symptom — the V23-69 symptom was ten faucet tests reporting an unsigned transaction
against an endpoint that had signed correctly, which took a day to trace back to a `sys.path`
line in an unrelated app.

Independently confirmed clean: a collection-time probe over `sys.modules` reports every repo
file reachable under more than one module name. It finds three, all of them deliberate
aliases built by `tests/coordinator/test_ignored_modules.py:23`. No conftest or test module is
imported twice.

blockchain-explorer 11 passed and 4 xfailed, miner 58, zk-circuits 26. The four xfails are
pre-existing and honest: `TransactionSearch` and `BlockSearch` were removed in a refactor and
the endpoints take query parameters now.

**All sixteen app suites are collected.** Root 3378 → **3496**, blockchain-node 540, zero
failures.

---

### V23-71 — 184 test files were deleted for producing no results

Five commits dated 2026-08-14 — `0edfb53b7` through `ab846475c`, the last titled "remove
skipped, errored, and failed test functions" — deleted **184 test files, about 51,000 lines**.

Two of them were regression tests for findings in this backlog:

- `apps/edge/tests/test_v023_sync_honesty.py` (V23-17) — pins that `sync_database` refuses to
  fabricate `last_sync_at` and `records_synced` rather than reporting a sync it did not do
- `apps/governance/tests/test_v023_execution_timelock.py` (V23-18) — pins that the execution
  timelock is enforced independently of `enable_onchain_submission`, which is False in the
  shipped configuration

Both fixes are still in the source. `SyncNotImplementedError` still guards the edge write and
`_enforce_execution_timelock` still runs before anything is committed. Only the tests holding
them there were gone.

They were not skipped, errored or failed. Restored unchanged, all 26 pass. What they were is
*never collected* — `apps/edge/tests` and `apps/governance/tests` were two of the fourteen
suites V23-69 found had never been in `testpaths`. A suite that is not collected reports
nothing, and nothing was read as no value. V23-69 and V23-70 fixed the collection; this entry
is about what the gap cost while it was open.

Four apps were left with a `tests/` directory holding only `conftest.py` and `__init__.py`:
api-gateway, blockchain-event-bridge, edge and governance. Two of those are deployed units.

**This tranche restores edge and governance** — 7 files, 111 tests, all passing unchanged.
Root 3496 → **3507**.

**A cross-service defect surfaced on the way.** With both suites collected,
`apps/governance/tests` fails at import with `Table 'governance_profiles' is already defined
for this MetaData instance`. It is not a double import. `apps/governance` and
`apps/coordinator-api` each define `governance_profiles`, `proposals`, `votes`, `dao_treasury`
and `transparency_reports`, and every SQLModel class registers on one process-global
`MetaData`, so whichever imports second raises. Both services are deployed, both sets of
models are routed, and the schemas have diverged — coordinator-api stores `voting_power` and
`delegated_power` as `float`, governance as `Numeric(20, 8)`; governance carries indexes,
timezone-aware timestamps and four tables coordinator-api does not have, while coordinator-api
has `regional_councils`, which governance does not.

Nothing breaks in production, where the two run as separate processes against separate
databases. It is a landmine rather than an outage, and the float columns on a governance
weight derived from stake are their own problem.

That fix belongs to the services, not to a test restore: both deliberately rely on the global
registry for `create_all` at startup, with comments in coordinator-api saying so, so giving
either side a private `MetaData` changes how a deployed service builds its schema. Left as its
own finding. Meanwhile the governance suite is restored, green, and runs via
`make test-governance` in its own process rather than sitting in the tree uncollected — the
condition this entry exists to describe.

The production governance database at `/var/lib/aitbc/data/governance_service.db` was
byte-identical before and after every run here; the suite's conftest redirects `DATABASE_URL`
to a tempdir at import time, before `storage.py` builds its engine.

Remaining: 177 deleted files across the root suite (101), coordinator-api (27),
blockchain-node (14), marketplace (7), api-gateway (6), trading (5), pool-hub (5),
blockchain-event-bridge (5), and one each in memory, gpu and ai-engine.

---

### V23-71b — the app tranche, and what the deletions were actually made of

49 more deleted test files across eight apps. **41 restored, 11 held back**, and the split is
the useful part: the 2026-08-14 sweep was not uniformly wrong, and it was not uniformly right.

**One restored file brought V23-69 back with it.** `apps/ai-engine/tests/test_integration_ai_engine.py`
opened with `sys.modules["numpy"] = MagicMock()` — the third copy of the assignment removed in
V23-69, still sitting in a file that had been deleted before that finding landed. It executes
at collection, so it replaced numpy for the entire run: 14 failures in
`tests/unit/test_property_crypto.py`, 8 and 6 in ai-engine's own other files. 28 of the 40
failures in the first full run came from that one line. Removed; the tests patch
`ai_service.np.*` individually, which is what they actually needed.

**Two deletions were right.** `apps/coordinator-api/tests/test_routers_agent.py` (12 tests) and
`test_routers_swarm.py` (19) exercise endpoints that only exist when `settings.debug` is true,
and both routers label them mock routes — swarm's comment reads "never enabled in production".
Making them pass means setting the flag and asserting on scaffolding. Left deleted.

**Four more were reasonable.** The pool-hub integration files wanted a `db_session` fixture
that `ea97ba9aa` removed in the same commit that deleted them. That fixture required
`POOLHUB_TEST_POSTGRES_DSN` and called `pytest.skip` without it, so those tests only ever ran
against a real PostgreSQL. They are restorable the day the test environment has one, and not
before. Worth recording that `ea97ba9aa` names every file it removed and why, and records the
commands it validated with. `ab846475c`, which took the edge and governance regression tests,
says "remove skipped, errored, and failed test functions" for 269 files.

**Six are blocked on a defect, not on their own quality.** These pass in isolation and fail in
a full run:

    apps/coordinator-api/tests/test_cross_chain_security.py
    apps/coordinator-api/tests/test_routers_users.py
    apps/coordinator-api/tests/test_v120_economic_proposals.py
    apps/coordinator-api/tests/test_quota_enforcement.py
    apps/coordinator-api/tests/test_grant_developer_smoke.py
    apps/coordinator-api/tests/test_governance_service.py
    apps/marketplace/tests/test_main.py

They fail on "no such table", and the cause is the one V23-72 describes. Every SQLModel class
in the repo registers on a single process-global `MetaData`, and three places fight over it:
`tests/integration/conftest.py` clears it outright at module scope,
`apps/blockchain-node/tests/conftest.py` removes every non-blockchain table before each of its
own tests, and governance and coordinator-api define five of the same table names. A class
registers its `Table` when its module first executes and the module then stays in
`sys.modules`, so anything removed from that registry is gone for the rest of the process --
coordinator-api's `create_all` then builds a schema with no `users` in it.

Three attempts to fix this from the test layer are worth recording as a dead end. Giving
blockchain-node's engine fixture an explicit `tables=` list, so it would stop mutating the
shared registry, took the run from 12 failures to over 300: four of its test files call
`SQLModel.metadata.create_all(engine)` unfiltered, and the destructive hook was what had been
keeping those calls narrow. The first failure was `index ix_gpu_registry_status already
exists` -- a **gpu** table, created into a blockchain test's database. Reverted. Snapshotting
coordinator-api's tables at conftest import fixed `users` and exposed `developer` and
`tenants`, which load later. Accumulating them across calls moved the failures somewhere else
again. Each attempt relocated the symptom, which is what patching around a shared mutable
global looks like. The fix belongs in V23-72.

Restored and green: 41 files across coordinator-api, blockchain-node, marketplace, trading,
pool-hub, api-gateway, blockchain-event-bridge, ai-engine, gpu and memory. Root 3552 →
**3820**, blockchain-node 540 → **640**, zero failures.

Remaining: the 101 deleted files under `tests/`, of which 22 are `tests/verification` and 9
`tests/production` — neither directory has ever been in `testpaths` either.

### V23-72 — two services, one table registry, four workarounds

Every SQLModel class in this repo registers its `Table` on one process-global `MetaData`
unless it says otherwise. `apps/governance` and `apps/coordinator-api` both model governance
and both name their tables `governance_profiles`, `proposals`, `votes`, `dao_treasury` and
`transparency_reports`. Two services, one registry, five shared names: whichever imported
second raised `Table 'governance_profiles' is already defined for this MetaData instance`, so
the two could never be imported into the same process.

Production never saw this. Each service runs alone against its own database, and the tables
are correct in both. What it broke was every attempt to run them together, and the four
workarounds it grew cost considerably more than the collision did.

| where | what it does |
|---|---|
| `tests/integration/conftest.py` | `SQLModel.metadata.clear()` at module scope |
| `apps/blockchain-node/tests/conftest.py` | removes every table it does not own, before each test |
| `apps/gpu` domain models | `__table_args__ = {"extend_existing": True}` on all 6 |
| `apps/marketplace` domain models | `__table_args__ = {"extend_existing": True}` on all 12 |

The first two are process-wide and permanent. A class registers its `Table` when its module
first executes, and the module then stays in `sys.modules`, so re-importing re-registers
nothing — a table removed that way is gone for the rest of the run. Suites collected
afterwards built schemas with tables missing from them, which is why six restored
coordinator-api files failed on "no such table: users" while passing in isolation (V23-71b).

`extend_existing` deserves its own note, because it reads like the intended answer and is not.
It does not give each service its own table. It merges the second definition into whichever
`Table` registered first, so whoever imports second silently redefines the first service's
columns, and the merge appends `Index` objects whose names are already on the table.
`create_all` then emits `CREATE INDEX ix_gpu_reviews_created_at` twice and the second fails.
The failure lands wherever `create_all` next happens to run rather than where the two
definitions met: this one surfaced in `tests/integration/test_atomic_settlement.py`, a test
that touches neither service and passes in isolation. It reads exactly like a flake.

**The fix.** A service that owns its tables declares its own `MetaData` and stops taking part:

    governance_metadata = MetaData()

    class GovernanceBase(SQLModel):
        metadata = governance_metadata

Table models subclass that instead of `SQLModel`. The duplicate definitions then coexist
without either editing the other, and `extend_existing` comes off. Both services' `storage.py`
and `alembic/env.py` point at the private registry — autogenerate in particular *must* read
the same one `create_all` writes, or it would compare the live database against an empty model
set and emit a migration dropping every table.

Done for `apps/governance` (9 models), `apps/gpu` (6) and `apps/marketplace` (12). Nothing on
disk needs migrating and no migration was run: for governance and gpu the generated DDL is
byte-identical before and after — 9 tables and 24 indexes, 6 tables and 18 indexes, same
`CREATE TABLE` and `CREATE INDEX` text in both cases.

Marketplace is the one intended difference, and it needed a decision rather than a mechanism.
Its database also received four tables it does not define, arriving on the global metadata by
transitive import from `packages/aitbc-shared`. `marketplaceoffer` is genuinely shared —
`MarketplaceOffer` is one class used by both services, with 41 references in marketplace's own
code and 4 rows in the production database — so it stays on the global registry and `init_db`
names it explicitly. `job_payments`, `marketplace_bid` and `payment_escrows` have no
references in marketplace code and 0 rows, and are no longer created. `create_all` never
drops, so the deployed database keeps the three it already has; only a fresh bootstrap differs.
Verified by running the real `init_db` against a temporary file: the diff against the previous
output is exactly those three tables and their seven indexes, and nothing else.

Root 3820 tests, blockchain-node 640, both green. The production databases under
`/var/lib/aitbc/data/` were not touched.

**What is left.** `aitbc_chain` still shares the global registry, and it is what rows 1 and 2
of that table are actually about — the coordinator's `Transaction` and the chain's collide by
name, which is what both conftest hooks exist to work around. Isolating it is the same
three-line pattern, but ~20 blockchain-node test files call
`SQLModel.metadata.create_all(engine)` unfiltered and would need to name the chain registry
instead, and it is the live blockchain package. Its own finding, not a rider on this one.

`apps/governance/tests` was expected to join `testpaths` here and does not, for a reason that
turned out to have nothing to do with metadata: adding it made five gpu and trading tests
fail. Its conftest assigns `os.environ["DATABASE_URL"]` at import — correctly, and for a
documented reason — but the assignment is process-global and never restored, and gpu, trading
and marketplace all read `DATABASE_URL` at import time. Which exposed the larger half: with
nothing setting that variable, those three suites resolve to
`/var/lib/aitbc/data/{gpu,trading,marketplace}_service.db`, the deployed databases. That is
its own finding as well, and governance joins `testpaths` when it lands.

### V23-73 — the test suite was running against the deployed databases

Adding `apps/governance/tests` to `testpaths`, which V23-72 was supposed to make possible, broke
five gpu and trading tests instead. Governance's conftest assigns `os.environ["DATABASE_URL"]`
at import — correctly, and for a reason its own docstring explains — but the assignment is
process-global and never restored, and gpu and trading both read `DATABASE_URL` at import time
to build their engines. Collecting governance moved them onto governance's database.

The interesting part is what that implies about the state before. If those suites were reading
governance's database when governance was collected, what were they reading when it was not?

    gpu_service            -> sqlite+aiosqlite:////var/lib/aitbc/data/gpu_service.db
    trading_service        -> sqlite+aiosqlite:////var/lib/aitbc/data/trading_service.db
    marketplace_service    -> sqlite+aiosqlite:////var/lib/aitbc/data/marketplace_service.db

The deployed services' databases, with the units serving them. `init_db()` runs in the FastAPI
lifespan, so `TestClient(app)` ran `create_all` against live files; `test_get_consumer_gpu_profiles`
asserted `len(profiles) > 0` and passed because production had rows, which is a test that would
fail on any clean machine and tell you nothing on this one. Governance had the same defect and
had already fixed it locally — that conftest is what the fix looked like, one service at a time.

The blockchain suite was worse, because it creates rather than reads. `/var/lib/aitbc/data/`
currently contains:

    drwxr-xr-x chain-a/     chain.db  548864 bytes
    drwxr-xr-x chain-sig/   chain.db  548864 bytes

`chain-a` and `chain-sig` are test-only chain IDs, from the `_TEST_CHAIN_IDS` set in
`apps/blockchain-node/tests/conftest.py`. Two test fixtures' databases, sitting in the deployed
data directory next to the real chain. They are inert — no service is configured for those
chain IDs — but nothing removes them, and they are left for an operator to delete rather than
deleted here.

**The fix is one variable.** `aitbc.constants.DATA_DIR` already reads `AITBC_DATA_DIR`, and
every service derives its database path from `DATA_DIR`. Setting it to a temporary directory in
the repo-root conftest moves all of them at once, including services added later — which is the
reason to fix it there rather than in a conftest per app. Three places had to stop bypassing it:
`gpu_service.storage` and `governance_service.storage` spelled `/var/lib/aitbc/...` out as a
literal default, and `aitbc_chain/config.py` kept its own `DATA_DIR = Path("/var/lib/aitbc")`,
which is the same value the shared constant resolves to except that the shared one is
overridable. Its `get_db_path` also had a "legacy path" fallback that was byte-for-byte what
the standard path already produced, and so had never once been reached; with `DATA_DIR`
following the environment it would have become a live bug, sending a temporary run back to the
deployed directory. Removed.

**A guard, because a default is not a guarantee.** A service can reach a deployed path without
going through `DATABASE_URL` at all, so `pytest_sessionfinish` walks every SQLAlchemy engine
alive at the end of the run and fails the session if any of them resolves under the deployed
data directory. It reports the URLs. That covers services nobody thought to check, which is
where all four of these came from. It is a hook rather than a test because a test would have to
import the storage modules to inspect them, and importing them is what binds the engine — the
guard would have decided the answer it was meant to measure.

**Two findings fell out of the fixtures.** `trading_service.init_db()` deliberately creates
nothing ("Schema management is Alembic's job"), so a database nobody has migrated has no tables
— which is precisely why that suite had to use the deployed file. But `alembic upgrade head`
builds `inter_chain_trades` and `island_registry` and stops: the seven tables in
`domain/trading.py` have never had a migration. **A fresh trading deployment comes up with two
of its nine tables.** The suite's fixture creates the remaining seven from the models and says
so; the migration gap itself is left as its own finding. Second, `marketplace_service.init_db`
now takes `MarketplaceOffer.__table__` off the class instead of looking the name up in
`SQLModel.metadata`, because the two conftest hooks from V23-72 unregister tables from that
registry and a name lookup then raises `KeyError` for a table that is perfectly intact.

`apps/governance/tests` joins `testpaths`, which was the point. Root 3820 → **3920**,
blockchain-node **640**, both green, and `make test-governance` is gone along with its
explanation.

### V23-74 — the chain shared its table registry with the coordinator, and two hooks paid for it

Every SQLModel class in the repo registers its `Table` on one process-global `MetaData` unless
it says otherwise. The chain is not the only thing here with a `Transaction`: `coordinator-api`
has one too, along with its own `Block` and `Receipt`. Same registry, same names, different
columns. The two never meet in production — separate processes, separate databases — so what
the collision broke was every attempt to test them in one interpreter, and the two workarounds
it grew were the most destructive things in the suite.

    tests/integration/conftest.py            SQLModel._sa_registry.dispose()
                                             SQLModel.metadata.clear()
    apps/blockchain-node/tests/conftest.py   pytest_runtest_setup -> MetaData.remove(each foreign table)

Neither is a reset. A class registers its `Table` when its module *first* executes, and the
module then stays in `sys.modules`, so re-importing re-registers nothing: a table removed that
way is gone for the rest of the process. The first ran at **module scope**, during collection,
before a single test in the repo had started — every suite collected afterwards inherited an
empty registry. The second emptied it again before each of 640 blockchain tests. That is the
whole explanation for the six coordinator-api files that failed on `no such table: users` while
passing in isolation (V23-71b), and for why V23-72's marketplace `init_db` had to take its
`Table` off the class rather than look the name up.

**The fix is the same three lines as governance, gpu and marketplace.** `aitbc_chain/metadata.py`
declares `chain_metadata` and `ChainBase`; the 21 table models across `base_models.py`,
`mempool.py` and `state/gpu_resources.py` subclass it; `database.py` and `migrations/env.py`
name that registry instead of `SQLModel.metadata`. Autogenerate has to read the same registry
`create_all` writes to, or the next revision is one that drops every table. `database.py` now
imports `MempoolEntry` and the three `gpu_resources` models explicitly, so `create_all` builds
the same 21 tables regardless of import order; the deployed chain database already has all 21,
so this changes nothing for a running node. Eighteen test files that called
`SQLModel.metadata.create_all(engine)` unfiltered now name `chain_metadata` — which is what the
blockchain conftest's hook existed to compensate for. **Both hooks are gone.**

**Removing the clear surfaced what it had been hiding.** `apps/trading` carried a fifth instance
of `extend_existing: True` — nine models colliding with coordinator-api's `contexts/trading`.
That flag does not give a service its own table; it merges the second definition into whichever
`Table` registered first, and the merge appends `Index` objects whose names are already on the
table, so `create_all` emits `CREATE INDEX ix_trade_negotiations_match_id` twice and the second
one fails. It had never failed because the metadata clear left only one definition standing.
`apps/trading` gets a `trading_metadata` of its own on the same pattern, and the flag comes off.
It comes off the chain's twenty as well: alone on its own registry, `extend_existing` can no
longer mask a cross-service collision, only a genuine duplicate definition inside the package,
which is a thing you want to hear about.

DDL was verified byte-identical before and after in both packages, by creating the schema into a
temporary SQLite file and diffing normalized `sqlite_master`:

    aitbc_chain       21 tables   88 indexes   identical
    trading_service    9 tables   31 indexes   identical

Root 3920, blockchain-node 640, both green. **V23-71c is unblocked**: the two hooks that made
those seven app test files unrestorable no longer exist.

### V23-71c — the seven files the shared registry had made unrestorable

V23-71 restored what it could and stopped at seven files that failed in a full run while
passing on their own. Six were coordinator-api files erroring on `no such table: users`, and
the cause was not in them: `apps/blockchain-node/tests/conftest.py` and
`tests/integration/conftest.py` were emptying SQLModel's global registry out from under every
suite collected after them. V23-74 removed both hooks. All seven come back, **49 tests**, root
3920 → **3969**.

Six restore unchanged. The seventh, `test_cross_chain_security.py`, was deleted for a different
reason — "missing fixtures" — and the fixture it wanted, `admin_token`, had been real: it lived
in `apps/coordinator-api/tests/conftest.py` until v0.12.0 rewrote that file wholesale for the
economics work and took it along. Ten security tests covering the cross-chain wallet trust
boundary — RPC allowlisting, private-key redaction, ownership enforcement, server-side signing —
were deleted rather than the four-line fixture put back. It is put back, next to its only
consumer.

**Two `while True` loops came out.** `test_cross_chain_security.py` and `test_routers_users.py`
both wrapped `create_all` in a loop that caught `OperationalError`, checked the message for
"already exists", and retried:

    while True:
        try:
            SQLModel.metadata.create_all(engine)
            return
        except OperationalError as exc:
            if "already exists" in str(exc):
                continue
            raise

The second file's docstring blamed "models declaring the same index both via `index=True` and
an explicit `Index(...)`". That was the wrong diagnosis of a real symptom: the duplicate
`CREATE INDEX` came from `extend_existing` merging two services' definitions of the same table
on the one global metadata, appending `Index` objects the table already had. With each service
on its own registry the loop has nothing left to catch, and both are now a plain `create_all`.

**Fourteen of the marketplace tests asserted `status_code in (200, 500)`**, on the reasoning
that the database might not be available. A test that passes on an unhandled server exception
is not testing the endpoint; it is testing that the URL routes somewhere. The database *is*
available since V23-73 — the suite builds this service's schema into a throwaway directory —
and all fourteen endpoints answer deterministically against an empty one. They now assert the
status they actually return, with the response shape where there is one worth checking. Two of
them turn out to be 404s rather than 200s.

Which surfaced an inconsistency worth recording: `GET /v1/marketplace/offers/{id}` for an offer
that does not exist returns **200 with a null body**, while its sibling
`GET /v1/marketplace/offers/{id}/history` returns 404 for the same missing offer. The route
returns `get_offer`'s `None` straight through. Asserted as it behaves, filed as its own finding.

### V23-71 tranche 3 — the 103 deleted root tests, and why `tests/` was never collected

The cleanup commits removed 103 files under `tests/`. Ten had already come back; of the
remaining 93, **90 are restored and three stay deleted**. Of the 90, **45 sit in directories
`testpaths` already names, and all 45 pass unchanged — 722 tests.** That is the whole story for
half the tranche: they were deleted as "skipped, errored, and failed" and they are none of
those.

The other 45 are the interesting half, because none of them were ever going to run wherever
they were put.

**`tests/` root is not in `testpaths`.** The list names subdirectories — `tests/unit`,
`tests/integration`, and so on — so the 58 pytest modules sitting at `tests/` itself matched
nothing. Neither did seven whole directories: `tests/agent`, `tests/api`,
`tests/contract_tests`, `tests/cross_phase`, `tests/training`, `tests/production` and
`tests/verification`. About 1,500 tests, none of which had run once.

**And `testpaths` could not simply be given `tests`, because collecting that directory hung.**
Not failed — hung, with no error and no output, forever. `tests/load_test.py` is a Locust
scenario whose name matches pytest's default `*_test.py`, so collection imports it, and
importing a Locust file pulls in gevent's monkey patching mid-collection; the process wedges on
`greenlet is being finalized`. Every subdirectory collected fine on its own, which is what made
it look like nothing was wrong. `tests/load/` already carried a `conftest.py` doing
`collect_ignore_glob = ["*.py"]` for exactly this reason, for the three scenarios in there. The
fourth, at the root, had no such cover. One `collect_ignore` later, `tests/` collects: 310
files, 4,795 tests, no errors.

`testpaths` gains `"tests"`. The individually-named entries stay — pytest deduplicates
overlapping paths, so they collect nothing extra, and each one records the finding that put it
there. Naming the directory rather than its contents is the point: a suite added later is
collected the day it lands.

**What 1,500 tests that never ran had turned into.** Four files were asserting things that had
stopped being true, and one of them mattered:

* `test_middleware_validation.py` tested a `max_response_size` constructor argument and a
  request cap read off the `Content-Length` header. v0.22's CORE-13 had deleted both ten days
  earlier and replaced them with a read of the actual body stream — *because* a chunked request
  or a spoofed `Content-Length` walked straight through the header check. The file was pinning
  the bypass rather than the guard. Rewritten against the middleware that exists, including the
  case that motivated the change: a `Content-Length: 10` on a 4KB body is refused.
* `test_validation_utils.py` called `validate_address("")` and expected a raise. That function
  was split into a non-raising `validate_address` and a raising `validate_address_strict`, and
  EIP-55 checksums are now enforced, so its "valid address" literal — mixed case, wrong
  checksum — was being asserted True of something the validator rejects. Corrected to the
  checksummed form of the same address, with the strict variant tested for the raising cases.
* `test_aitbc_logging.py` asserted that `setup_logger(structured=True)` produces a
  `StructuredFormatter`. It does not, and neither does `configure_logging(structured=True)`:
  both install `JournalFormatter` on the console unconditionally, and `structured` — along with
  `setup_logger`'s `format_string` — is read by nothing. Asserted as it behaves, with the dead
  parameter recorded as its own finding.
* `test_middleware.py` asserted that the performance and request-ID middlewares log at `info`.
  The levels were since split so the routine case is `debug` and only slow or failing requests
  reach `warning`, which is deliberate and is why the journal is readable.

**Three files stay deleted, and that one was a correct deletion.**
`tests/test_coordinator_api.py`, `test_coordinator_api_extended.py` and
`test_coordinator_api_v1.py` hold 135 tests, of which 121 assert some form of
`status_code in (...)`:

    94  status_code in (200, 404, 500)
     7  status_code in (200, 403, 404, 500)
     6  status_code in (200, 401, 403, 404, 500)
     …
     1  status_code in (400, 404, 422, 500)

A test that accepts 200 and 404 and 500 from the same call passes whether the endpoint works,
does not exist, or crashes. They also now fail — the routes answer 401 since auth was
hardened — and the only available repair is to widen the tuples further. coordinator-api has a
real suite of its own at `apps/coordinator-api/tests`, collected since V23-69. These add
nothing to it.

**The `tests/verification` gate named three modules and seven needed gating.** That directory's
`conftest.py` skips production-probing scripts unless `AITBC_ALLOW_PRODUCTION_WRITE_TESTS=1`,
because several of its files are not tests: they read the live mainnet head from
`https://hub.aitbc.bubuit.net/rpc` and POST newly constructed blocks back to it, and one of
them creates jobs, polls as a miner, submits results and triggers a refund against the live
coordinator. A passing run means that happened. The gate listed `test_block_import`,
`test_block_import_complete` and `test_cross_node_blockchain`. It missed `test_minimal`,
`test_simple_import`, `test_tx_import` — each POSTing to `/importBlock` — and
`test_payment_integration`. A hand-maintained list of which files touch production will be
wrong again the next time one is added, so the gate now reads the file instead: any module
whose source names a deployment host is skipped, matched against source text rather than by
importing, so nothing in a gated module executes. Deliberately blunt, and blunt in the safe
direction.

One file in that directory is not Python at all: `verify_gpu_deployment.sh`, an operator
script that ssh's to the container and reports on the two GPU units. Restoring it tripped
V23-23's convert-on-touch rule, so it gains `set -euo pipefail` — and the two
`systemctl status` calls gain `|| true`, because that command exits non-zero for a stopped
unit and a stopped unit is the most useful thing the script can report. Without the guard,
`set -e` would abort before the port and registration checks, leaving a diagnostic that only
completes when there is nothing to diagnose.

**Three things the new tests caught immediately**, all of them ours, and all in code no suite
had been able to exercise:

* Three test harnesses — `tests/fixtures/multi_chain.py`, `tests/harness/multi_node.py`,
  `tests/harness/settlement_chaos.py` — build chain databases with
  `SQLModel.metadata.create_all`. V23-74 moved the chain models to `chain_metadata`, so that
  call had started creating nothing and every use failed with `no such table: account`. Nothing
  had said so, because the file that exercises them, `tests/test_multi_chain_fixtures.py`, is
  one of the 58 at `tests/` root. Fixed in V23-74.
* V23-73's own guard crashed. It walks `gc.get_objects()` for engines bound to deployed
  databases, and that walk sees unfinished objects: an `AsyncEngine` with no `sync_engine` yet
  raises from `.url` rather than answering. With ~1,500 more tests in the run, one was in that
  state at teardown, and the session exited 1 with zero failures reported and a pluggy
  traceback where the summary should be. An engine that cannot say where it points cannot be
  checked, so it is skipped. Fixed in V23-73.
* **The V23-73 defect itself, recurring in a restored file.** With the tranche collected, 58
  tests failed across four `apps/trading` files — all with
  `The asyncio extension requires an async driver to be used. The loaded 'pysqlite' is not
  async.` Not one of the four fails on its own. `tests/integration/test_coordinator_api.py` has
  three fixtures that did `os.environ["DATABASE_URL"] = f"sqlite:///{db_path}"` inside a
  `TemporaryDirectory`, and nothing undid the assignment: the variable outlived the fixture,
  the temp file it named outlived nothing, and every suite collected afterwards inherited a
  URL pointing at a deleted path with a sync driver spelled into it. `trading_service.storage`
  reads `DATABASE_URL` at import to build an **async** engine, so it got pysqlite and said so
  1,400 tests later. Now `monkeypatch.setenv`, which pytest restores at teardown, and the URL
  names `sqlite+aiosqlite`. This is the exact shape of what V23-73 fixed in
  `apps/governance/tests/conftest.py` — process-global `DATABASE_URL` assignment with no
  restore — and it was invisible until enough of the suite ran in one process for a second
  service to read the variable.

Root **3,969 → 6,361**, green; blockchain-node **640**, green. `tests/production` reports its
own skips: those suites want an agent coordinator on localhost:9001 and say so at the end of the
run rather than passing quietly, which is what its conftest was written for.

### V23-75 — `alembic upgrade head` built two of trading's nine tables · CONFIRMED → RESOLVED

`apps/trading` manages its schema with Alembic and means it: `storage.init_db()` creates
nothing, with a comment saying so — *"Schema management is Alembic's job. Do not call
create_all() here. Run `alembic upgrade head` before service startup."* That is the right
policy. It just was not true that the migrations built the schema.

They built `inter_chain_trades` and `island_registry`. The seven tables in
`domain/trading.py` — `trade_requests`, `trade_matches`, `trade_negotiations`,
`trade_agreements`, `trade_settlements`, `trade_feedback`, `trading_analytics` — had never had
a migration in the service's life. **A fresh deployment of this service came up with two of
its nine tables**, and every route touching a trade would have answered `no such table`.

The deployed database is not missing them, which is why nobody noticed: it holds all nine
because something ran `create_all` against it before that comment was written. The same
accident left four of *coordinator-api's* tables in it — `job_payments`, `payment_escrows`,
`marketplaceoffer`, `marketplace_bid` — sitting in the trading service's file, which is the
V23-72/73/74 shared-registry defect visible on disk. Trading imports none of them. They are
left alone here; removing tables from a deployed database is an operator decision, and they
are empty.

Migration 002 already names columns in four of the seven missing tables. Its guard skips
tables that do not exist, so on a fresh database it ran and migrated nothing, silently. A
migration that quietly succeeds against a table that was never created is the shape of this
whole finding.

**Reconciling head against the models turned up three more gaps in the two tables 001 did
build.** The fix is scoped to the invariant rather than the symptom: after 003,
`alembic upgrade head` reproduces `trading_metadata` exactly.

* **Five columns.** `inter_chain_trades` never got the v0.9.0 HTLC fields — `escrow_id`,
  `settlement_phase`, `secret_hash`, `source_timelock`, `dest_timelock`. The models have had
  them since v0.9.0; no migration added them. Added with server defaults matching the models'
  Python-side defaults, so the `NOT NULL` is satisfiable on a table with rows.
* **Twenty-seven indexes.** Twenty-one belong to the seven new tables. The other six the
  models declare on the two old ones, and 001 never created: five on `inter_chain_trades`,
  one on `island_registry`.
* **Two duplicate indexes.** 001 creates `idx_inter_chain_trades_source_chain` and
  `idx_inter_chain_trades_dest_chain`, which the models do not declare and which duplicate
  `ix_inter_chain_trades_source_chain` and `ix_inter_chain_trades_dest_chain` column for
  column. The deployed database has both pairs. The models are what autogenerate compares
  against, so the duplicates are dropped rather than back-filled into the models.

**And the money columns.** 002 converts the ten `Float` money columns to `Numeric(20, 8)` on
PostgreSQL and returns early on SQLite, reasoning that the SQLite type is advisory. That is
true of the stored value and worth stating precisely, because it is easy to read as a bug:
SQLite gives *both* `FLOAT` and `NUMERIC` declarations REAL affinity, so
`Decimal("12345678901.12345678")` comes back rounded either way — the conversion buys no
precision, and 002 was not losing any by skipping it. It is not true of the schema. Alembic
compares column types by default, so leaving them `FLOAT` means every future
`--autogenerate` re-reports the same ten changes forever, and a real change hides in the
noise. 003 converts whichever are still `Float`, through batch mode, which is the supported
path on SQLite.

One trap worth recording, because it silently produced a no-op that looked like success:
`sa.Float` **subclasses** `sa.Numeric`. The obvious guard — skip the column if its reflected
type is already `Numeric` — skips every column including the ones that need converting. The
condition that means "not converted yet" is `isinstance(type_, sa.Float)`.

**Verification.** The schema is compared object by object against `trading_metadata`, with
server defaults normalized out — the migrations declare them and the models express them in
Python, which 001 established and 003 follows.

    fresh database          40 objects   matches the models
    upgraded deployed copy  40 objects   matches the models

Both, not just the first: the deployed database sat at revision **001** — 002 had never been
applied to it — and it already held all nine tables, so every operation in 003 is guarded and
the run against a *copy* of the real file was the test of those guards. `alembic upgrade head`
→ `downgrade base` → `upgrade head` reproduces an identical schema, and `--autogenerate`
against head now reports no changes at all.

**The test stopgap is gone, and its absence is the test.** `apps/trading/tests/conftest.py`
ran `alembic upgrade head` and then `trading_metadata.create_all` on top, because the
migrations covered two tables — a stopgap added in V23-73 and recorded as a finding at the
time. It now runs the migrations alone. If a model is added without a migration, the suite
fails with `no such table` instead of papering over exactly the gap a deployment would hit.
58 tests, green.

**What this does not fix: nothing runs the migrations.** `init_db()` says to run
`alembic upgrade head` before service startup, and no systemd unit in the repo has an
`ExecStartPre` that does — not trading's, not any of the twenty. The deployed trading database
is still at 001. Filed separately; it needs an operator, and it is not trading-specific.

### V23-76 — `GET /offers/{id}` told clients a missing offer existed · CONFIRMED → RESOLVED

`GET /v1/marketplace/offers/{offer_id}` answered **200 with a body of `null`** for an offer
that is not there. The route called `MarketplaceService.get_offer`, which returns `None` when
nothing matches, and returned it. FastAPI serialized `None` to `null` and sent it with the
default status.

A client that checks the status code — which is the normal thing to do, and what every HTTP
library's `raise_for_status` does — was told the offer existed and then had to discover
otherwise by finding `None` where a field should be. The failure surfaces one layer away from
its cause, in whatever tried to read `.price_per_hour` off nothing.

**It was the only route in the service that did this.** `get_offer` has four callers in
`main.py`; the other three — `/offers/{id}/history`, `/offers/{id}/cancel` and
`/dynamic-pricing` — all check and return
`JSONResponse(status_code=404, content={"error": "Offer not found"})`. So do
`/offer/{plugin_id}` and `/offer-by-id/{offer_id}` for their own lookups. Seven "not found"
paths in one file, six of them agreeing, and the seventh over the same resource as one of the
six: `/offers/{id}` said 200-null while `/offers/{id}/history` said 404 for the identical
missing offer.

Fixed to match its siblings exactly — same status, same body — rather than by picking the
form FastAPI would idiomatically use. `HTTPException` would have produced `{"detail": ...}`,
which is the one shape *nothing* in this service returns; there is a single `HTTPException` in
the file against twelve `JSONResponse`s. Moving one route from disagreeing about the status
code to disagreeing about the body shape would not have been a fix.

The test that pinned this is updated rather than deleted. It came out of V23-71c, where
fourteen marketplace assertions of the form `status_code in (200, 500)` were tightened to the
codes the endpoints actually return; two turned out to be 404s, and this one turned out to be
the 200-null. It was asserted as it behaved, with a docstring recording why, and the
inconsistency filed. It now asserts 404 **and the body**, because the finding was that this
route disagreed with the others — a 404 in some other shape would only have relocated the
disagreement.

One thing this does not fix, noticed while checking whether any client depended on the old
behaviour: `docs/api/marketplace-openapi.json` documents `200` and `422` for all eight
`/offers/{...}` and `/offer/{...}` operations, including the six that have always returned
404. The spec is generated by `scripts/extract_openapi_specs.py` from FastAPI's own schema
inference, which cannot see a `JSONResponse` constructed inside a handler — so no 404 in this
service has ever appeared in its published contract. That is why the inconsistency was
invisible from the documentation: the docs said all eight behaved the same way, and they were
wrong about six of them rather than right about any. Filed separately; documenting one route's
404 while five stay undocumented would make the spec less consistent, not more.

No consumer relied on the old form. The endpoint's callers are `tests/load/locustfile.py`,
which reads an ID out of a live listing and already treats any non-200 as a failure, and the
agent SDK, which only `PUT`s. `apps/exchange` matches the same path prefix in its own handler
and does not call this service.

Marketplace suite green; root **6,361** collected, exit 0.

### V23-77 — node startup could not tell a corrupt schema from a second start · CONFIRMED → RESOLVED

`init_db` wrapped `chain_metadata.create_all(engine)` in an `except Exception` that re-raised
only when the message did **not** contain "already exists". The reported finding is that this
swallows real errors. Verifying it turned up three more defects in the same twelve lines, all
in the path every node runs on every start, and none of them covered by a test — the two
functions involved had no test file at all before this.

**1. The handler was dead, and could only ever have been harmful.**

`create_all` defaults to `checkfirst=True`: it queries the existing schema and emits DDL only
for what is missing, so "already exists" is not an error it produces. What it *did* raise, until
V23-74, was a duplicate `CREATE INDEX` — every service shared one global SQLModel `MetaData` and
`extend_existing` appended index objects a table already had. That is fixed at the source;
`aitbc_chain` owns its tables now.

Verified rather than reasoned: the startup path was run twice each against copies of all eight
chain databases on this host — the live hub (21 tables, 4,212 blocks), `ait-hub` (15 tables),
the legacy 5-table `chain.db`, `chain-a`, and the partial and brand-new fixtures. No raise, in
sixteen runs. Every one of those ran against a **copy** in a scratch directory; nothing under
`/var/lib/aitbc/` was opened for writing.

Matching on an exception's *message* was never a safe way to sort benign collisions from
corruption in any case — that wording belongs to SQLAlchemy and pysqlite, not to us, and it
moves between versions. A disk I/O error, a malformed file, a permissions failure: all
re-raised, correctly, but only because the string happened not to match. The handler is gone.

**2. `ALTER TABLE transaction ADD COLUMN ...` is a syntax error.**

`_migrate_existing_columns` — which runs immediately after, and adds columns to tables that
already exist — interpolated table and column names into DDL bare. `transaction` is a SQLite
keyword, so the statement it builds for that table does not parse:

    sqlite3.OperationalError: near "transaction": syntax error

Reproduced against a copy of the deployed `/var/lib/aitbc/data/chain.db` with one column staged
missing, which is the state a node upgrade leaves behind. It is exactly **one** identifier out
of the 164 in this schema that needs quoting, which is why nothing has tripped over it — and it
names the chain's central table, the one most likely to gain a column. The failure mode is not a
skipped migration; it is an unhandled exception in `init_db`, so the node does not start.

Identifiers now go through `engine.dialect.identifier_preparer.quote`. The existing
`_is_valid_sql_identifier` check stays: it rejects a name outright, where quoting only makes one
safe to interpolate, and it is worth keeping the note that it returns `True` for `transaction`.

**3. Callable defaults were interpolated by `repr`.**

The same function built its DEFAULT clause with an f-string over `col.default.arg`. For a
`Field(default_factory=lambda: datetime.now(UTC))` that attribute is the function object:

    ALTER TABLE account ADD COLUMN updated_at DATETIME DEFAULT <function Account.<lambda> at 0x7f...>

24 columns in this schema have a callable default — every `created_at`, `updated_at` and
`timestamp` on every core table — and all 24 are NOT NULL, so none of them could have been
skipped. The factory is now evaluated once and the result rendered by the dialect
(`DEFAULT '2026-08-16 10:14:22.936346'`), which is what a hand-written backfill does. Literals go
through the same path instead of `isinstance(val, str)` and an f-string, so the dialect owns the
quoting for every type rather than for the one that was special-cased.

**4. Everything else got `DEFAULT ''`.**

The remaining branch read `elif not col.nullable: default = " DEFAULT ''"`, under a comment about
text columns. **91 columns** in this schema are NOT NULL with no model-side default, and only 68
of them are textual. The branch was writing:

    block.height                     INTEGER  DEFAULT ''
    escrow.amount                    INTEGER  DEFAULT ''
    transaction.payload              JSON     DEFAULT ''
    governance_proposal.voting_ends  DATETIME DEFAULT ''
    mempool.received_at              FLOAT    DEFAULT ''

None of that raises. SQLite accepts the DDL and stores the empty string on the first insert that
omits the column — a block at height `''`, an escrow holding `''` tokens. This is the worst of
the four precisely because it is the one that appears to work.

A NOT NULL column with no default genuinely cannot be back-filled into a table that has rows;
there is no value to give the rows already there, and SQLite refuses it too. So the function now
raises, naming the column and pointing at `migrations/`, instead of inventing a value that parses
into the wrong one. It is unreachable for any table `create_all` built — that builds the column —
which is why all eight database copies migrate clean; it fires only for a table that predates a
column the models now require, and that is a case for a real migration written by a human.

**Tests.** `apps/blockchain-node/tests/test_schema_bootstrap.py`, five of them, against the two
functions that had none. Bootstrapping three times over the same database pins that no exception
handling is needed. A column dropped from `transaction` and re-added pins the quoting, and would
have failed with the syntax error above. The broad one drops all 103 back-fillable columns across
20 of the 21 tables and asserts every one comes back — the state the hub's database was in, at
the width the function claims to cover. `escrow.amount` dropped and refused by name pins the
raise. The last asserts that `transaction` is still the *only* identifier of the 164 that needs
quoting, so a future `order` or `group` column is named by a test rather than by a node that will
not start.

Blockchain-node **645** collected (640 + 5), 12 skipped; root **6,366**, exit 0.

### V23-78 — a log format switch that has not been read since June · CONFIRMED → RESOLVED

`setup_logger` and `configure_logging` both took a `structured: bool` they never read;
`setup_logger` also took a `format_string` it never read. That is the reported finding, and it
is only the near end of it. The same switch had a third face — a `LOG_FORMAT` environment
variable, read by `_get_log_format()`, which had no callers — and *that* one was wired into
production: `LOG_FORMAT=json` was set in **five systemd units** and asserted by **two release
gates**, one of which fails the release if it is missing.

**It was disconnected on purpose, and the cleanup was never done.** `1b81d840` (19 Jun 2026,
"switch systemd journal logging to compact human-readable format") replaced the conditional
that chose between formatters:

```python
-        if structured or _get_log_format() == "json":
-            include_timestamp = to_file
-            formatter: logging.Formatter = StructuredFormatter(include_timestamp=include_timestamp)
-        else:
-            if format_string is None:
-                format_string = "[%(levelname)s] %(message)s"
-            formatter = logging.Formatter(format_string)
-        console_handler.setFormatter(formatter)
+        console_handler.setFormatter(JournalFormatter())
```

Its reasoning was sound and is not disturbed here: JSON in the systemd journal is unreadable,
journald keeps its own structure, and file output — which is what aggregators consume — was
already `StructuredFormatter` unconditionally. Console text, file JSON. The defect is that the
commit removed the conditional and left every way of asking for the branch it deleted.

So this finishes that commit rather than reversing it. Restoring the switch would have been the
other option and is the wrong one twice over: it would revert a deliberate decision, and it
would do so by flipping five deployed services to JSON journal output at their next restart.

Removed: `structured` and `format_string` from `setup_logger`, `structured` from
`configure_logging`, `_get_log_format()`, and its re-export from `aitbc/log_utils/logging.py`.

Removed with them, because leaving them would leave the tree asserting something false:

* `Environment=LOG_FORMAT=json` from `aitbc-blockchain-node.service`,
  `aitbc-blockchain-p2p.service`, `aitbc-coordinator-api.service`, `aitbc-marketplace.service`
  and `aitbc-pool-hub.service` — along with the comment above four of them explaining that it
  is placed after `EnvironmentFile=` so secrets cannot clobber it. Someone debugged that
  ordering problem for a setting that does nothing.
* `check_json_logging()` from `scripts/check-production-readiness.py`, and step 6 of
  `scripts/release/check-v0.5.0.sh`, which exits 1 when coordinator-api lacks the variable.
  Both would have started failing the moment the units were cleaned, which is a fair summary
  of what they were worth: they verified that an operator had set a variable, never that any
  logging happened.
* The two `LOG_FORMAT` lines in `docs/deployment/STAGING.md`.

**No caller passed either parameter.** `setup_logger` has no production callers at all — every
call in the tree is in tests — and all 40-odd `configure_logging` sites pass keywords only, so
removing a parameter from the middle of the signature shifts nothing. That is worth stating
explicitly: `structured` sat between `level` and `service_name`, and a single positional caller
would have made this a silent behaviour change instead of a deletion.

Left alone deliberately: `docs/releases/v0.4.25/logging-patterns.md`, `v0.5.0/change.log` and
`v0.5.1/change.log` all describe `LOG_FORMAT` as live. They are versioned records of releases
that shipped before it was disconnected, and they were accurate when written. Rewriting them
would be rewriting history — but note that `logging-patterns.md` reads as guidance rather than
as a change record, so anyone who finds it will be misinformed. There is no unversioned logging
doc for it to be corrected into; that is its own gap.

The tests are the other half. Seven call sites passed one of the dead parameters, and four of
them then attached a handler of their own — three carrying a `StructuredFormatter`, one a plain
`logging.Formatter` — so every assertion in those four ran through a formatter the test itself
installed. They would have passed identically with the argument deleted, which is exactly what
has now happened to them. The fourth, `test_traditional_format_string`, differed from the test
directly above it by nothing but the dead kwarg, and is deleted rather than kept.

Replacing the three that asserted against the parameters are two that state the contract the
refactor actually chose: console is always `JournalFormatter`, and a file handler, when one is
configured, is always `StructuredFormatter`. Both assert the full handler list rather than
`handlers[0]`, so a second handler appearing is a failure rather than something skipped over.

Nothing was restarted and no unit was reloaded. The five unit files are symlinked into this
working tree from `/etc/systemd/system`, so the edits are live on disk, but removing a variable
no code reads cannot change a running service, and the next ordinary restart picks it up.

Root **6,365**, exit 0.

### V23-79 — a first install never migrated, and the check could not say so · CONFIRMED → RESOLVED

Filed out of V23-75 as *"nothing runs the migrations… no systemd unit in the repo has an
`ExecStartPre` that does"*. **The first half of that was wrong and I wrote it.**
`update.sh` step 5 has run `alembic upgrade head` for every service with an `alembic.ini`
since 1 July 2026, and does it carefully — per-service env file, service stopped for the
duration, blockchain-node deliberately skipped. What is true is narrower and worse:

* **`deploy.sh` never migrated at all.** `main` runs `initialize_databases` — which creates
  Postgres databases and nothing else — then `setup_systemd_services`, then
  `start_services`. So the *install* path brings every service up against whatever schema
  happens to exist, which for trading, whose `init_db()` creates nothing on purpose, is
  none. Only the *update* path migrated, and that one presupposes an installed node.
* **The check that should have caught it cannot fail for the cases that are real.**

Both are fixed here. The `ExecStartPre` the original note asked for is not, deliberately —
see the last section.

**`scripts/deployment/run-migrations.sh`** is now the single implementation, exec'd by
`update.sh` as its step 5 and by `deploy.sh` after the units are linked and before the
services start. That ordering is load-bearing in both directions: the script skips any
service whose unit is absent, which is how it stays role-aware, and migrating a running
service is the thing it stops to avoid.

#### The readiness check had three defects, and they compounded

`check_migrations()` in `scripts/check-production-readiness.py` discovers `apps/*/alembic.ini`
and runs `alembic current` in each. It was not run whole against this host, on purpose — doing
so connects to production databases with production credentials, which is exactly what a
verification step must not do casually. The three defects below were each established
separately, from the code and from read-only reads, and each is now pinned by a test.

**A database that has never been migrated passed.** `alembic current` against a database
with no `alembic_version` table exits 0 and writes nothing to stdout — the banner and the
INFO lines go to stderr. That was read as `no revision applied (skipped)` and, unlike every
other branch, left `all_ok` untouched. So the worst state a database can be in was the one
state treated as acceptable, while being a single revision behind was a failure. Confirmed
on a copy of the deployed gpu database:

```
$ alembic current            # scratchpad copy of /var/lib/aitbc/data/gpu_service.db
alembic: target database -> sqlite:////…/gpu_copy.db          <- stderr
INFO  [alembic.runtime.migration] Context impl SQLiteImpl.    <- stderr
INFO  [alembic.runtime.migration] Will assume non-transactional DDL.
exit=0, stdout 0 bytes
```

Every line an operator would read as evidence goes to stderr; the stream the check parses is
empty, and empty is indistinguishable from "nothing to say".

**blockchain-node was excluded from the check entirely.** `_has_migrations` built
`app_dir / script_location / "versions"` from the raw ini value. blockchain-node is the only
app that writes `script_location = %(here)s/migrations` — Alembic's own token for the ini
file's directory — so the check looked for `apps/blockchain-node/%(here)s/migrations/versions`,
found no directory, and dropped the app without a word in its output — seven revisions, and
the one app where the default target is provably not the database the nodes use (V23-49),
silently outside the check's scope.

**For coordinator-api it read the wrong database.** It ran `alembic current` with no service
environment, so each `env.py` fell back to its own default target. coordinator-api's
`env.py` takes `DATABASE_URL or SQLITE_URL or app_settings.database.effective_url`, and with
none of the first two set that resolves to `sqlite:////var/lib/aitbc/data/coordinator.db`
while `/etc/aitbc/aitbc-coordinator-api.env` puts the service on Postgres. So the check
reported confidently on a SQLite file the service does not open. This is the same bug
`271d395f2` fixed in `update.sh` in August — the fix went to the migrator and not to the
checker, which is how the two came to disagree about which database a service has. They now
read the same two filenames in the same order.

pool-hub escapes this one by luck rather than design: `migrations/env.py` and
`settings.py` each hardcode the same `postgresql+asyncpg://poolhub:poolhub@127.0.0.1:5432/aitbc`,
and `/etc/aitbc/aitbc-pool-hub.env` sets no `DATABASE_URL` at all — it carries one variable,
a shared secret. Two copies of a DSN that agree today are not a service environment, and the
next edit to either is what turns pool-hub into the coordinator-api case.

#### What the deployed databases actually look like

Read-only, from the SQLite files, the pool-hub Postgres database, and each app's revision
graph. This is the state the check was reporting no problem about:

| service | deployed | head | |
|---|---|---|---|
| gpu | *no `alembic_version`* | `b8f3a2c91d04` | never migrated |
| edge | *no `alembic_version`* | `e1c47b09f2a6` | never migrated |
| pool-hub | *no `alembic_version`* | `e5d4f8a9b0c1` | never migrated |
| trading | `001` | `003` | behind |
| governance | `002` | `003` | behind |
| blockchain-node | `d4e8b91c0a37` | `d4e8b91c0a37` | at head, on the file no node uses |
| coordinator-api | **not read** | `a3e7c15b8d94` | see below |

gpu and edge gained Alembic in V23-47 and have not been migrated since. pool-hub's is the
`aitbc` Postgres database at the DSN both its `env.py` and its settings hardcode; there is no
`alembic_version` relation in it. The blockchain-node row is the V23-49 decoy — the default
target, `/var/lib/aitbc/data/chain.db`, is at head while the live island databases are
elsewhere; four of its seven revisions branch and remerge, so `d4e8b91c0a37` is the single
head only by way of the `459d59e234e4` merge.

**coordinator-api's live revision is unknown and this entry does not guess at it.** Reading
it means connecting to Postgres with the credentials in `/etc/aitbc/aitbc-coordinator-api.env`,
which I am not permitted to do and did not attempt. What is measured is the SQLite file the
unpatched check was reading instead — `/var/lib/aitbc/data/coordinator.db`, at
`e9cf23ae4640` against a head of `a3e7c15b8d94`, 32 revisions in the graph. That file being
behind says nothing about the service; it is only evidence that the check was answering
about the wrong database. The operator has to read the real one.

Five of the seven are known to need an operator and the sixth is unknown; **none of it was
applied here**, and the commands are at the end.

#### Why not `ExecStartPre`

The original note asked for one and this does not add it, because on this system it is worse
than what it replaces:

* Four blockchain-node units — `node`, `p2p`, `rpc`, `sync` — run as the same user against
  the same SQLite chain database. An `ExecStartPre` on each is four concurrent
  `upgrade head` on one file.
* blockchain-node's Alembic default is a database no node uses (V23-49), so the unit would
  have to know its own island, which is exactly what `run-migrations.sh` refuses to guess.
* These migrations go through `batch_alter_table(recreate="always")`, which drops and
  rebuilds the table. `run-migrations.sh` stops the service first. A unit cannot do that for
  its own siblings, and a unit that stopped the service it is starting is a cycle.
* A failed migration in `ExecStartPre` turns one bad revision into a restart loop across
  every service that shares the database.

Migrations are a deploy step, taken with the services stopped. A test asserts no unit
invokes `alembic`, so a later sweep does not add one by reflex.

#### Incidental

* `.gitignore` ignores `scripts/deployment/*` behind a six-entry allowlist, so
  `run-migrations.sh` was untracked on creation and would have been committed by nobody.
  Added to the allowlist rather than force-added. The rule only ever bites new files — 33 of
  the 35 files in that directory were already tracked, and with this one that becomes 34.
  The remaining one is `deploy_agent_dao.py`, present on disk and ignored by the same rule;
  whether it should be tracked is somebody's decision and not this PR's. Worth knowing before
  adding the next script there: `git status` will not tell you it was skipped.
* `update.sh` gained `set -o pipefail`. Its only one lived in the migration subshell that
  moved out, and this replaces it rather than losing it. Not a behaviour change: without
  `set -e` a pipeline's status matters only where tested, and of the four tested, two are
  `systemctl … | grep -q` where a failing `systemctl` produces no output and the `grep`
  fails anyway, and two are `||` between commands rather than pipelines.
* `deploy.sh` is added to `check-shell-strict-mode.py`'s `SKIP_SETTINGS` for `-u` and
  `pipefail`, with the reason recorded there. It has `set -e`, and
  `LATEST_BACKUP=$(ls -t "$BACKUP_DIR"/backup_* 2>/dev/null | head -1)` fails its `ls` on a
  host with no backups while `head` succeeds — under `pipefail` the assignment aborts the
  script, turning "no backup found", which the next line handles, into a silent exit on the
  rollback path. That is the V23-23 hazard arriving through the check meant to prevent it.
* `check-production-readiness.py`'s docstring still advertised "Log format is JSON" after
  V23-78 removed that check. Mine to fix, fixed here.

#### Verification

`run-migrations.sh` was exercised against a stub host — `systemctl` and `alembic` replaced
on `PATH`, `AITBC_ROOT` pointed at a scratch tree — covering the migrate path (correct cwd,
PYTHONPATH and env file), the blockchain-node skip with its per-island instructions, a
failing migration (`0 ok, 1 failed`, exit 1, services restarted), and a missing venv. **No
service was stopped, started or reloaded, and no database was written.** The survey above
opened the deployed SQLite files through `file:…?mode=ro` URIs and pool-hub's Postgres with a
single `SELECT`; the only database written to at any point was a scratchpad copy of
`gpu_service.db`.

The `check_migrations` tests run against a temporary apps tree and a stub `alembic` rather
than the real one, because this check's job is to connect to production databases with
production credentials and a test suite must not.

Root **6,384**, exit 0.

#### Operator — bringing the deployed databases to head

None of this was applied. Migrations run best through the deploy path, which stops each
service first:

```
sudo /opt/aitbc/scripts/deployment/run-migrations.sh
```

That covers gpu, edge, pool-hub, trading, governance and coordinator-api, each under its own
`/etc/aitbc` env file. Three cautions:

* **governance is at `002` and 003 is `003_v023_voting_ends_block`.** Do not migrate
  `/var/lib/aitbc/data/governance_service.db` without taking a copy first and reading V23-73
  — 002 was rewritten into raw SQL and the file is live.
* **coordinator-api's live revision has not been read.** Before running anything, read it:
  `alembic current` from `apps/coordinator-api` with the service env loaded, and confirm the
  URL it prints is the Postgres one and not `/var/lib/aitbc/data/coordinator.db`. It is 32
  revisions and the largest schema here; how far behind it is decides whether this is a
  no-op or a maintenance window.
* **blockchain-node is skipped by design.** It names each island for you; run those
  explicitly, with the node stopped, and check the target path before pressing return.

Afterwards, `scripts/check-production-readiness.py` answers the question — which, before
this change, it could not.

### V23-80 — 703 operations, no 404s, and a drift guard nobody had run · CONFIRMED → RESOLVED

Filed out of V23-76, which fixed `GET /v1/marketplace/offers/{id}` answering 200-null for a
missing offer and noted that the published spec documented `200` and `422` for all eight
`/offers/{...}` operations — including the six that had always returned 404. Measured across
all five published specs, it is not six operations:

| | before | after |
|---|---|---|
| operations | 698 | 700 |
| documenting a 404 | **0** | 119 |
| documenting any 4xx/5xx other than 422 | **0** | 804 across 507 operations |

Not one 401, 403, 404, 409 or 5xx appeared anywhere in `docs/api/`. FastAPI infers responses
from signatures — the return annotation gives 200, a request model gives 422 — and a
`raise HTTPException(404, …)` in a function body appears in neither. So the mechanism every
service in this repository uses to say "not found" was, by construction, the one thing its
contract could not express.

That is why V23-76 was invisible from the documentation. The spec said all eight offer
operations behaved identically; they did not, and the spec was wrong about six of them rather
than right about any. A client generated from that file has no branch for a 404 at all.

#### Derived, not annotated

`scripts/openapi_error_responses.py` reads each handler's source and reports what it
constructs: the status code from `HTTPException`, `JSONResponse`, `Response` and
`PlainTextResponse`, the body shape, and the message where it is a literal.
`extract_openapi_specs.py` applies it as a pass over the generated document.

Hand-annotating `responses={...}` on 703 operations was the alternative and it is worse in
the way that matters: it would be correct at the moment of writing and unfalsifiable
afterwards. A derived spec is checkable — `make openapi-check` regenerates and diffs, so a
handler and its documentation cannot drift apart silently.

Three decisions inside the scan are worth stating because each one could have gone the
plausible-but-wrong way:

* **Only literals, and only from the handler's own source and its route dependencies.** A
  status code computed at runtime, or raised inside a service method the handler calls, is
  not documented. This makes the output a **floor** — everything documented is genuinely
  reachable, and some reachable responses are still missing. Both directions are pinned by
  tests, because the failure mode of the opposite choice is a spec that documents responses
  the service never sends.
* **The body shape comes from the call, not from a house style.** `HTTPException` produces
  `{"detail": …}` and `JSONResponse(content={"error": …})` produces `{"error": …}`, and this
  repository uses both — 566 of the former against 17 of the latter, the latter concentrated
  in marketplace. Documenting all of them as `{"detail": …}` because that is FastAPI's
  idiom would have moved V23-76's disagreement from the status code into the body. Where one
  handler answers the same code in two shapes, the spec says `anyOf` rather than choosing.
* **`status.HTTP_404_NOT_FOUND` counts.** 169 call sites spell the code that way rather than
  as an int. A first version of the scan matched only `ast.Constant` and silently found none
  of them, which would have left coordinator-api, blockchain-node and wallet almost bare
  while looking like it worked on marketplace and agent-coordinator.

An existing `responses={…}` on a route is never overwritten. A `{**base, "error": …}` body
documents the code and no schema, because the keys that parse are a subset and a subset
published as the body is a schema the client fails to match.

Dependencies are scanned for one reason and it earns its place: the security and
rate-limiting dependencies raise the **41 `401`s and 19 `429`s** that no handler body
mentions and that a client is most likely to meet.

#### The specs were already stale, and the guard that would have said so had not been run

Regenerating with the enrichment turned *off* — the same code `main` runs — still differs
from what is committed in three of the five specs. `make openapi-check` was red on `main`
before this change:

* **agent-coordinator** is missing `POST /api/v1/agent/coin-requests/register` and its
  `RegisterRequest` schema; **blockchain-node** is missing `GET /rpc/transaction/{tx_hash}`.
  Two operations that exist in the running services and not in their published contracts.
* **coordinator-api** has no missing paths but 272 changed lines, and they are all the same
  change: money fields that used to publish as `"type": "number"` now publish as
  `anyOf: [number, string]` with a decimal pattern. That is the v0.23 float-to-`Decimal`
  work arriving in the schema. Until now the published contract still told clients those
  fields were JSON numbers — so a generated client would parse a decimal string as a float,
  which is precisely what `no-float-money` exists to prevent, reintroduced through the
  documentation rather than the code.

The guard was added, correctly, in the release that consolidated `docs/api/` and
`docs/openapi/`. It was never wired to anything that runs, so it only reports when someone
thinks to ask. Making it run automatically is a separate change and not this one; what this
entry can say is that it is green as of this commit and was not before.

#### Noticed and not fixed

Three marketplace routes under the same prefixes as V23-76's — `offers/{id}/book`,
`offer/{id}/rate`, `offer/{id}/ratings` — never answer 404. The first two re-raise a missing
offer into a 500 and the third returns `avg_rating: 0.0` for a service that does not exist,
which is V23-76's 200-null in a different costume. The spec now reports them exactly as they
behave. Changing how they behave is a behaviour question, and doing it inside a
documentation change would put it where nobody would look for it. Filed separately.

#### Verification

37 tests. The scanner is exercised against handlers written in the test file itself, so every
claim about what it extracts is checked against source visible beside the assertion —
including the two negative cases that define the floor: a computed status code and one raised
inside a called helper are both asserted **absent**. The published specs are then asserted
directly: each of the five documents at least one 404, every response object carries the
`description` OpenAPI requires, every `$ref` resolves, and marketplace's eight 404 operations
match the eight `404` sites in `main.py` one for one — in both directions, so a documented
response with no source behind it fails too.

Generation is deterministic: three consecutive runs produce byte-identical files, which is
what makes the drift guard meaningful rather than noisy. Message order follows source order
rather than `ast.walk`'s breadth-first traversal, for the same reason.

Root **6,421**, exit 0.

### V23-81 — a 500, a 200 that wrote an orphan, and a zero that meant nothing · CONFIRMED → RESOLVED

Filed out of V23-80's "noticed and not fixed": three marketplace routes under the same
prefixes as V23-76's never answered 404. Probed against a throwaway database before touching
anything, because **the filed description was wrong about one of the three**:

| route, unknown id | filed as | actually was | now |
|---|---|---|---|
| `POST /offers/{id}/book` | 500 | 500 | **404** `{"error": "Offer not found"}` |
| `POST /offer/{id}/rate` | 500 | **200, and it wrote a row** | **404** `{"error": "Service not found"}` |
| `GET /offer/{id}/ratings` | 200 with zeros | 200 with zeros | **404** `{"error": "Service not found"}` |

`rate` was the one worth probing for. It did not fail — it succeeded, on a service that does
not exist, and returned the created rating. `add_service_rating` never checked, and the
aggregate update it calls afterwards is guarded by `if service:`, so the row was written and
no `avg_rating` anywhere was ever moved by it.

That produces a read that contradicts itself. After one rating on a service id that is not
registered, `GET /offer/{id}/ratings` answered:

```json
{"service_info": {"avg_rating": 0.0, "rating_count": 0},
 "ratings": [{"rating": 5.0, "reviewer_id": "…", "comment": "orphan"}],
 "count": 1}
```

`rating_count: 0` beside one rating, in the same response. And the orphan is not inert:
`GET /ratings/unsynced` returns it, `aitbc market sync-ratings` pushes it to peers, and
`sync_ratings_from_remote` inserts whatever arrives without checking either. A typo'd service
id in a rating replicates across islands as a permanent row nothing will ever count.

#### The fix, and where it lives

Each route checks before it acts, in the shape this file already uses for the same question —
`JSONResponse(status_code=404, content={"error": …})`, matching the eight `404` sites already
in the file — the same eight V23-76 measured the spec against. The checks sit in the handler,
not the service: the service layer is HTTP-agnostic and raising `HTTPException` out of it would
tie it to FastAPI for the benefit of one caller. Its `ValueError`s stay as the backstop for
non-HTTP callers.

`ratings` needed no new lookup at all. The handler already resolved the service both ways
round — `get_software_service`, then `get_service_by_offer_id` — and already had the `None` in
hand. It just answered anyway, with zeros that a client cannot tell from a real service nobody
has rated yet. "No such service" and "no ratings yet" are different answers and a caller needs
different behaviour for each.

**400, not 409, for an offer in the wrong state.** The only 409 in this service is an
optimistic-concurrency `old_value` mismatch on a governance parameter, which is a different
thing. `cancel_offer` answers 400 for the equivalent case over the same resource — that branch
turns out to be unreachable, for reasons below, but it is still what the author intended this
service's answer to be.

**The race is closed, not just narrowed.** A pre-check followed by a service call leaves a
window: another request can book the offer in between, and `svc.book_offer` raises again. So
`book_offer` also catches `ValueError` and answers 400. Every `ValueError` reachable from that
call is the caller's — the service's two status checks, plus `float(duration_hours)` over a
request field — so 400 is right for all of them. That last one is a second 500 fixed in
passing: a booking with `"duration_hours": "half a day"` used to reach the client as an
internal error.

Not `Decimal(price)`, which raises `InvalidOperation` — an `ArithmeticError`, not a
`ValueError` — and still 500s. Deliberate: the same conversion runs a second time in the
handler, on `amount`, *after* the bid is committed, so answering 400 there would deny a
booking that had already happened. Making that path honest means restructuring the handler,
which is not this change.

#### `cancel_offer` is broken, and this is how that surfaced

The obvious way to test "book an offer that is not available" is to cancel it first. It does
not work. `cancel_offer` writes the status `"cancelled"`, which is not a member of
`OfferStatus` — the FSM's removal state is `delisted` — so `OfferFSM.from_string` raises and
**the route returns 500 for every offer that exists**. Its own 400 branch,
`if offer.status == "cancelled"`, is dead for the same reason: no offer can ever hold that
status. `book_offer` has the mirror problem, assigning `offer.status = "booked"` directly and
bypassing the FSM, so any later transition on a booked offer fails one line earlier.

Two status vocabularies, then, and deciding which is real is the fix. Not done here — it is
not one of the three routes, and patching the string at one call site would only move the
mismatch. Filed separately. The test books twice instead of cancelling, and records why.

#### The CLI would have called the fix an outage

`AITBCHTTPClient` calls `raise_for_status` and re-raises everything, a 4xx included, as
`NetworkError`. Both `aitbc market rate` and `aitbc market ratings` caught that and printed
"Marketplace service not reachable … Ensure marketplace-service is running" — which, the
moment these routes started answering 404, would be a wrong diagnosis of a service that
answered. Both now distinguish the two, using the `"404" in str(e)` test already established
in `mining.py`. Before this, `ratings` on an unknown service printed "No ratings found for this
service", which was simply the server's wrong answer passed through.

The test for that went to `tests/cli/`, not to `cli/tests/` where the other CLI command tests
live — because `cli/` has its own `pytest.ini` and is not in the root `testpaths`, so **87
tests there are collected by no run at all**. Written in the obvious place, this test would
have passed by hand and never once in the suite. Filed; the same family as V23-69 and V23-71.

#### Documentation

`docs/api/marketplace-openapi.json` is generated, so the specs were regenerated rather than
edited: marketplace goes from 8 documented 404s to **11** and 4 400s to **5**, and the
repository total from 119 404s to **122** across the same 700 operations. The `expected` set
in `test_the_marketplace_offer_routes_document_their_404` moves with it — it asserts in both
directions, so the three routes could not be added to the spec without the behaviour, or
fixed without the spec.

#### Left alone deliberately

`sync_ratings_from_remote` still accepts a rating for a service it has never heard of. That is
not the same bug: in a multi-island marketplace the service may genuinely exist on the node
the rating came from, and rejecting it would silently drop legitimate cross-island ratings.
The orphan-producing path was the local `rate` route, and that is the one closed.

#### Verification

Marketplace 30, CLI 5, OpenAPI 37, all green. The behaviour tests assert bodies and not just
status codes — the point of V23-76 was that this service disagreed with itself about the shape
of "not found", and a 404 in a new shape would have moved the disagreement rather than ended
it. `test_rate_service_not_found` asserts the row is *not* written, because a 404 that still
wrote would have fixed only the status code. `test_get_ratings_for_a_registered_service` is
its counterpart: a real service with no ratings still answers 200 with an empty list, which is
what the missing service used to be indistinguishable from.

The three module-scoped writes clean up after themselves — this suite shares one database and
`test_get_unsynced_ratings` asserts that list is globally empty, so a rating left behind would
fail it depending on order. Confirmed by three runs under random ordering, not just the
pinned one.

Root **6,432**, exit 0.

### V23-82 — the drift guard nothing invoked, and the reason it could not have failed anyway · CONFIRMED → RESOLVED

`make openapi-check` has existed since v0.22 and works. Nothing ran it. It was therefore red
on main for most of v0.23 without anyone hearing about it — agent-coordinator missing a route,
blockchain-node missing a route, and coordinator-api's money fields still published as
`"type": "number"` after the Decimal work, so a client generated from the spec would have
parsed a decimal string as a float. V23-80 fixed those three and filed this: wire the guard
to something that runs.

Three things had to change before it could be wired to anything.

#### It could not fail

The extractor printed `✗ Failed to extract <app>` for an app that would not import, and then
exited **0**. The stale spec stayed on disk untouched, `git diff` compared it against itself,
and the check reported no drift for a service it had never managed to look at. Reproduced by
handing it a `JWT_SECRET` shorter than the apps demand:

```
✗ Failed to extract agent-coordinator
OpenAPI specs saved to /opt/aitbc/docs/api
EXIT CODE: 0
```

Two of the five apps failed that run and the guard was green. It now collects the failures and
exits non-zero, because an app that will not import is itself the finding — either the app is
broken or the placeholder environment the extractor sets no longer satisfies it, and both are
worth stopping for.

#### Asking the question rewrote the answer

`openapi-check` depended on `openapi`: it regenerated **into the working tree** and asked git
what had changed. Serviceable by hand, wrong in a hook — pre-commit stashes unstaged changes
around a hook run, and a hook that writes files can collide with the restore. The check now
generates into a temporary directory and compares only the generated files; `docs/api/` also
holds hand-written markdown and two subdirectories that a recursive diff would have reported as
differences. Which files those are is read back from what the generator produced rather than
listed in the script — a hand-written list would be one more thing that could fall quietly out
of step with the apps, which is the bug being fixed. A test asserts `git status -- docs/api` is
unchanged across a run, so the check can never again be what makes the specs current.

#### The stage that runs is not the one that looks like it runs

The obvious home was pre-push: heavier checks belong there, and the config already ends with a
bandit hook marked `stages: [pre-push]`. That hook has never executed. `.git/hooks/pre-push`
in this clone belongs to **git-lfs** — `pre-commit install` was only ever run for the
pre-commit and commit-msg types. Putting the drift guard there would have reproduced exactly
the bug it exists to fix, in a form even harder to notice, because the config would have looked
right. Filed separately; a test pins the drift hook to `pre-commit` and records why, so moving
it later is a deliberate act rather than a plausible-looking edit.

#### The scoping is measured, and the measurement is a test

The filed description put the cost at ~40s. It is **6s**, steady state over three runs — the
40s figure came from a cold measurement. That changes the answer: 6s on every commit against a
7s pre-commit run is still close to a doubling, so the hook is scoped with `files:`. Over the
last 80 commits on main the pattern fires on **21** of them.

Scoping is where this could quietly go wrong, so the pattern is not a guess. Generating the
specs imports **593** of the repo's own modules:

| | files |
|---|---|
| `apps/{coordinator-api,blockchain-node,agent-coordinator,wallet,marketplace}/src/` | 464 |
| `aitbc/` | 109 |
| `packages/py/` | 18 |
| `scripts/` (the extractor and the enricher) | 2 |

`apps/*/src/` — the obvious pattern, and the one the filed description suggested — misses
**127** of those. `aitbc/models/` is in the miss: the shared models, where the money fields
live whose float-vs-Decimal publication was one of the three drifts this guard failed to
report. A hook scoped that way would have slept through the commit that caused the problem it
is being wired up to catch.

`test_the_files_pattern_covers_everything_the_specs_are_built_from` re-derives the import set
and fails if the pattern stops covering it, so the scoping cannot rot as the apps grow.
Confirmed by narrowing the pattern to `apps/*/src/` on purpose and watching it fail, naming
`aitbc/models/coin_request.py` among others.

#### What the spec said depended on who generated it

Wiring the check to a hook is what found this. The end-to-end test passed on its own and
**failed inside the full suite**, reporting 2,032 lines of drift in
`coordinator-api-openapi.json` — a check that disagrees with itself depending on the process
it runs in is not a check. The variable is `DEBUG`, which `tests/integration/conftest.py` sets
for the session and which the extractor inherited.

coordinator-api gates **38 routes** on `settings.debug`:

| | |
|---|---|
| `/v1/agent/*` — register, heartbeat, status, messages | `agent_messaging.py`: in production the module exports an empty router |
| `/v1/swarm/*` — clusters, join, coordinate, dashboard | `swarm.py`: "Mock routes are gated behind `settings.debug` — never enabled in production" |
| `/v1/dashboard`, `/v1/dashboard/history`, `/v1/miners` | `monitor.py`: the entire router body sits under the gate |

They are in-memory, unauthenticated, and say so about themselves. `settings.debug` also decides
whether `/docs` and `/redoc` exist.

So `make openapi` produced one of two different specs depending on the caller's shell. The
committed one happens to be right, because whoever last ran it did not have `DEBUG` set — but
a developer who does, and it is an ordinary thing to export, would have regenerated a
published contract advertising 38 mock endpoints as the API. Wiring the guard up without
fixing this would have made that developer's every commit fail, or worse, be fixed by
committing that spec.

The extractor now **assigns** `DEBUG=false` rather than inheriting it — `os.environ[...]`, not
`setdefault`, because this one decides what gets published and cannot be left to the caller.
Verified invariant under `DEBUG=true`, `DEBUG=1`, `TEST_MODE=true` and
`AITBC_SKIP_ENV_FILES=1`. Two tests hold it: one generates under a hostile environment and
compares byte for byte, the other asserts the 38 routes are absent from the committed spec.
The second is not redundant — if someone deletes an `if settings.debug:` gate, generation is
still environment-invariant and only the second test objects.

#### The test that could not fail either

That narrowing is also how the test's first draft was caught. It ran the extractor in-process
and diffed `sys.modules` before and after — so once anything else in the session had imported
the apps, the difference was empty and the assertion ran over nothing. Deliberately breaking
the pattern produced `.R...`: a rerun, then a pass. It now generates in a subprocess, where
there are no ambient imports to hide behind, and asserts the collected set is non-trivial
before asserting anything about its contents. Two guards of the same shape in one change,
both of which reported success without having looked.

#### Verification

6 new tests, and each was falsified before being kept: the pattern test against a narrowed
pattern, the extractor test against the pre-fix exit code, the end-to-end test against a
doctored `wallet-openapi.json`, the environment test against `setdefault` in place of the
assignment, and the debug-route test against a spec generated with `DEBUG=true` — which it
catches 38 of 38 with no false positives on the committed spec.
`pre-commit run openapi-drift --files aitbc/models/__init__.py` passes; the same against
`docs/api/README.md` is skipped, which is the scoping working. `make openapi-check` leaves
`git status -- docs/api` unchanged. ruff, ruff-format, mypy and the docs link check clean.
Root **6,438**, exit 0.

No spec content changed: `docs/api/` is byte-identical to what is already committed, which is
the point — the guard was right, nobody was running it.

---

### V23-83 — two vocabularies for one column, and the endpoint that could not survive either · CONFIRMED → RESOLVED

`POST /v1/marketplace/offers/{id}/cancel` answered **500 for every offer in the deployed
database**. Not most, not the ones in an odd state — every one, by two different routes to the
same failure.

The service has a state machine, `OfferFSM`, whose vocabulary is five words: `available`,
`reserved`, `in_use`, `delisted`, `expired`. It does not have `cancelled`. So
`update_offer_status(offer_id, "cancelled")` called `OfferFSM.from_string("cancelled")`, which
raised, and the endpoint had no handler for it. That is the whole first path, and it is
unconditional: the argument is a literal at the only call site.

The second path fires a step earlier. `from_string` is also applied to the **stored** status,
and the words in the column are not the FSM's words either:

```
sqlite:///var/lib/aitbc/data/marketplace_service.db  (read-only)
  status='available'  2 offers
  status='open'       1 offer
  status='reserved'   1 offer
```

`open` is not an `OfferStatus`. That offer failed on the read of its own status before
anything about cancelling was considered. Three of four offers reached the literal; the fourth
did not get that far.

#### Why nobody had noticed

The signature was `cancel_offer(offer_id: str, reason: str | None, ...)`. In FastAPI a query
parameter typed `str | None` **with no default is required** — `= None` is what makes it
optional — so cancelling without a reason answered 422 and never entered the body. The 500
underneath was reachable only by a caller who happened to send `?reason=`. The endpoint looked
awkward rather than broken, and the published spec agreed with the awkward reading:
`"required": true` on a parameter the handler defaults two lines later.

It also means the route's own first branch — `if offer.status == "cancelled"` — was
unreachable in the strict sense. `"cancelled"` has **never been written to any row**, because
the FSM raised before the assignment that would have written it. A guard against a state the
code could not produce.

#### The actual finding is a vocabulary split, not a missing enum member

Adding `CANCELLED` to `OfferStatus` fixes the literal and nothing else. Grepping for what is
written into `marketplaceoffer.status` turns up four words the FSM cannot parse, from four
different places:

| word | written by | means |
|---|---|---|
| `booked` | `MarketplaceService.book_offer`, by direct assignment | `RESERVED` |
| `open` | callers, through `create_offer` | `AVAILABLE` |
| `cancelled` | what `cancel_offer` asks for | `DELISTED` |
| `closed` | coordinator-api's marketplace service | `DELISTED` |

`open` is the interesting one. `create_offer` splats the request body into the model, and
`status` is a plain `str` column, so **any word a caller could spell became a stored state** —
after which every FSM operation on that offer failed. That is not a hypothetical; it is where
the `open` row in the deployed database came from.

`booked` is the same shape from inside: booking was the one transition this service performed
without asking the FSM, assigning the string directly. The state machine was consulted on the
paths that had no invalid words and skipped on the path that introduced one.

#### Reconciled, not renamed

`marketplace_service/domain/offer_status.py` maps every word in use onto the state it means.
The stored words stay, for two reasons: they are what the API returns and what clients filter
on, and **`apps/marketplace` has no Alembic directory** — there is nowhere to put a migration
that would rename the rows already on disk. `apps/gpu` already carries a map of the same shape
for `GPURegistry.status`; this follows it. Deliberately absent: `active` and `inactive`, which
are `SoftwareService`'s vocabulary for a different table, however much the CLI's help text
confuses the two.

The map has one strict entry point and one forgiving one. Write paths use `to_offer_status`,
which raises, and the raise surfaces as a 400 — an unknown status is a caller naming a state
that does not exist, not the service failing. Read paths use `try_to_offer_status`, which
answers `None`, so one unrecognised row drops out of a tally instead of taking the listing
down with it.

`create_offer` now validates `status` before constructing the model, which is what turns
"every stored status parses" from an observation into an invariant.

#### Three things that were wrong for the same reason

Once statuses are compared by state rather than by spelling, the other comparisons on this
column were all wrong too, and each was silent:

- **`GET /offers?status=`** filtered on the literal string. `?status=available` did not return
  the offer stored as `open`; `?status=booked` did not return the one stored as `reserved`.
  The same offer was visible or invisible depending on which word the caller chose, with
  nothing to indicate there was another. It now matches by state, and an unknown filter value
  is a 400 rather than a 200 with `[]` — a typo and a real empty result had been the same
  answer.
- **`GET /v1/marketplace`** counted `active_offers` by the literal `available`, so the `open`
  offer was in `total_offers`, out of `active_offers`, and out of the regions and service
  types the overview advertises. Available and invisible.
- **`POST /offers/{id}/book`** rejected the `open` offer as not available. It was available.

Fixing the count exposed a fourth, in the line beneath it. `sum(o.get("price_per_hour", 0)
for o in active_offers)` — the default applies only when the **key is missing**, and it never
is; `list_offers` puts it in every dict. `price_per_hour` is nullable, so a single priceless
offer made this `int + None` and the whole overview a 500. It had never been reachable:
`active_offers` was empty in every test, and every offer in the deployed database happens to
carry a price. A new test put a priceless offer in the list and it fell over immediately.

#### What a cancel is now

| offer state | before | now |
|---|---|---|
| no `?reason` | 422 | cancelled |
| stored `available` / `open` | 500 | cancelled |
| stored `reserved` / `booked` | 500 | **400** `Offer cannot be cancelled while it is booked` |
| already `delisted` / `closed` / `cancelled` | 500 | **400** `Offer already cancelled` |
| stored word nobody knows | 500 | **400** naming the word |

The reserved case is the FSM's judgement, not a new rule: `RESERVED → {IN_USE, AVAILABLE,
EXPIRED}` and not `DELISTED`, so a provider cannot delist out from under a buyer who has
reserved. 400 rather than 409, matching V23-81's decision on `book_offer` over this same
resource, where 409 stays reserved for optimistic-concurrency mismatches.

#### Verification

31 tests over the two files, 11 of them against the endpoints and 20 properties of the map
itself. Each was falsified first: the cancellation tests against the pre-fix handler (500,
and 422 without a reason), the legacy-status tests against literal comparison, the overview
test against `.get("price_per_hour", 0)`, and the partition test against a word listed under
two states. `apps/marketplace` **91**, exit 0. Root **6,469**, exit 0 — 6,438 + 31, the whole
change accounted for.

`docs/api/marketplace-openapi.json` regenerated: `?reason` drops to `"required": false`, and
the 400s on listing and creation are now documented. The `openapi-drift` hook from V23-82 is
what made that a step rather than an oversight — this is the first change it would have caught.

#### Noticed, not fixed

`?reason` was one of **10** query parameters in this file typed `X | None` with no default,
which the published spec therefore marks required: `analytics ?period_type`, `performance
?period`, `offer/{id}/ratings ?limit ?offset`, `ratings/unsynced ?limit`, and `transactions
?transaction_type ?action ?status ?island_id`. Only `reason` is in scope here, because it is
the one on the broken path. The other nine have **five existing tests asserting the 422** —
`test_get_marketplace_analytics_missing_param`, `test_marketplace_performance_missing_param`,
`test_get_ratings_missing_params`, `test_get_unsynced_ratings_missing_param`,
`test_get_transactions_missing_params` — so fixing them means deciding those tests documented
an accident rather than a contract, which is a separate call from this one. Filed.

Distinct from that and also filed: `POST /v1/marketplace/dynamic-pricing` takes `offer_id`,
`current_demand` and `current_supply` as **required query parameters on a POST**. Those are
genuinely required rather than required by accident, so they are not part of the group above —
the question there is why a POST carries its input in the query string.

---

### V23-84 — 87 tests, collected by a fallback, run by nobody · CONFIRMED → RESOLVED

`cli/tests` was the last suite in the repository that no run collected. It is 87 tests over
seven files, and the root suite went from 6,469 to **6,556** by adding one line to
`testpaths`.

The reason it had been missed through five previous rounds of exactly this — V23-69 added
nine app suites, V23-71 a directory's worth, V23-73 governance — is that `cli/` looked
self-contained. It had its own `pytest.ini`, so it read as a subproject that ran its own
tests.

#### The config that never worked

```ini
[pytest]
testpaths = cli/tests
```

`testpaths` resolves against **rootdir**, and that file *is* what makes `cli/` the rootdir. So
it pointed at `cli/cli/tests`, which does not exist. pytest says so, and then does something
else:

```
PytestConfigWarning: No files were found in testpaths; consider removing or adjusting
your testpaths configuration. Searching recursively from the current directory instead.
```

The 87 tests were found by that fallback. Not by the configuration — by the recovery from it.
Which makes collection a function of where you happened to be standing:

| invoked from | collected |
|---|---|
| `cli/` | 87 |
| `cli/tests/` | 87 |
| `cli/aitbc_cli/` | **0** |

The documented procedure starts with `cd /opt/aitbc/cli/tests`, so it lands in a column that
works. Nothing automated ran them at all: `make test` runs `tests/unit`, and `testpaths` never
named this directory.

#### The file is gone rather than fixed

Every setting in it was one of three things:

- **`python_files`, `python_classes`, `python_functions`** — pytest's own defaults, restated.
- **`markers`** — `slow`, `integration`, `unit`, all three already declared in the root
  `pyproject.toml`, and none of them used anywhere in `cli/tests`.
- **`addopts = -v --tb=short`** — a *weakening*. It replaces the root addopts rather than
  adding to them, so under this file the CLI tests ran without `--strict-markers`,
  `--strict-config`, `--import-mode=importlib`, the 60-second timeout and the four
  `filterwarnings` entries.

That last one is the part worth stating plainly: a second configuration for one suite is a
second set of rules under which the same test can pass. A new marker in `cli/tests` would have
been silently ignored by `cd cli && pytest` and would fail collection in the main run.

Deleting it costs nothing that anyone used. `cd cli && pytest` still collects exactly these 87
— rootdir becomes the repository root, so the real configuration applies, and pytest skips
`testpaths` when the invocation directory is not the rootdir, collecting from where it was
invoked instead.

#### Two assumptions about the machine, never tested

33 of the 87 shell out to the CLI rather than importing it, and they did so through absolute
paths:

```python
PROJECT_ROOT = Path("/opt/aitbc")
CLI_BIN = Path("/usr/local/bin/aitbc")
```

`/usr/local/bin/aitbc` is a symlink to `scripts/aitbc-cli` in this tree, so the tests were
reaching the right code — by way of a symlink that has to have been installed on the host. A
checkout anywhere else, or one without it, fails all 33 with `FileNotFoundError` for a reason
that has nothing to do with the CLI. Both files now derive `PROJECT_ROOT` from `__file__` and
run `scripts/aitbc-cli` directly: same file, one fewer thing that has to be true.

This matters specifically because of what is being changed here. A suite that was excluded
could fail on someone else's machine indefinitely without anyone noticing; a suite in
`testpaths` that fails on a fresh checkout gets pulled back out of `testpaths`, and the
finding comes back.

`test_cli_bin_exists` asserted the symlink's existence — a property of the host, in a suite
that had never reported on it. It now checks the launcher the other tests actually invoke, and
that it is executable.

#### What the 87 are worth

Not nothing, which was the open question. 39 of them drive all 14 `explorer` subcommands
in-process through Click's `CliRunner` with the client mocked, including the `NetworkError`,
empty-result and unexpected-exception paths. 12 more do the same for `exchange` argument
validation and `market` registration, and 3 cover credential loading and that a file-backed
wallet gets a real private key. The remaining 33 are shallow — mostly `--help` and exit codes —
but they are the only tests in the repository that would catch a CLI which fails to start at
all: a bad import in any command module is invisible to every in-process test that does not
import that module.

Two of them cannot fail. `test_network_ping_positional_node` and `test_network_ping_flag_alias`
run the same command and assert `returncode in (0, 1, 2)`, which accepts every outcome the
command can produce. Left as they are and documented as crash checks rather than removed —
they do catch a segfault or a hang, and rewriting them needs a decision about whether the CLI
should be reaching `localhost` in a unit run at all.

#### The documentation described a suite that does not exist

`docs/cli/testing.md` was 259 lines about `comprehensive_tests.py`, `group_tests.py`,
`run_simple_tests.py` and `test_level1_commands.py`. **None of those four files exist.**
Neither does the `/opt/aitbc/cli/venv/` it tells you to activate. It reported "67/67 tests
passing (100%)" against a suite of 87, carried two mutually inconsistent dates in its own
header and footer, and no other document linked to it.

So the one instruction anybody had for running these tests named four scripts that are not
there. Rewritten to describe the seven files that are, what each covers, the difference between
the in-process and subprocess halves, and the three things the suite deliberately does not do.

#### Three more files disagreeing with reality about pytest

`docs/architecture/8_codebase-structure.md` listed a `pytest.ini` at the repository root. There
is not one and there was not one — every pytest setting is in `pyproject.toml`, which the same
listing names two lines above. `cli/FILE_ORGANIZATION_SUMMARY.md` listed the `cli/pytest.ini`
this change deletes, described `cli/tests` as "6 CLI-internal smoke tests" (7 files, 87 tests,
most of them not smoke tests), put `tests/cli` at 119 tests when it is 1,012, and listed two
files at `cli/` — `__init__.py` and `advanced_wallet.py` — that do not exist. Corrected, and
both now say where the pytest configuration actually lives.

The `test-governance` target in the `Makefile` still explained itself as a workaround —
"governance stays out of `testpaths` and runs here instead" — which stopped being true in
V23-73, when the suite joined the main run. Two files in the repository stating opposite facts
about the same setting, in a change that is about that setting. Comment corrected; the target
itself is unchanged and still useful for running that one suite. Worth noting that `make test`
runs `tests/unit` and nothing else, so it is not the thing that covers governance, or the CLI,
or anything else added to `testpaths` — a bare `pytest` is.

#### Verification

Root **6,556**, exit 0 — 6,469 + 87, with no interference in either direction: the full run is
green with `cli/tests` collected alongside everything else, and `cli/tests` is green under the
root configuration it had never run under. `cli/tests/__init__.py` makes it a second top-level
`tests` package, which `--import-mode=importlib` handles — the same reason `tests/` and
`apps/blockchain-node/tests/` coexist. ruff and ruff-format clean.

---

### V23-85 — the security gate that exited on a usage error, in a hook nothing installed · CONFIRMED → RESOLVED

Two independent failures, either of which alone would have been enough. The filed finding was
the second one.

#### It could not have passed

```yaml
- id: bandit
  args: [-c, pyproject.toml, -r, ., -x, cli/templates, tests/cli, tests/]
```

`-x` takes one comma-separated value. Written as three separate list items, `cli/templates`
goes to `-x` and `tests/cli` and `tests/` fall through to the positional slot argparse has
already filled with `.`:

```
$ pre-commit run bandit --hook-stage pre-push --all-files
bandit...................................................................Failed
- hook id: bandit
- exit code: 2

bandit: error: unrecognized arguments: tests/cli tests/
```

Exit 2 on a usage error, before opening a file. There is no input on which this hook passes.

#### Nothing installed it either

```
$ ls .git/hooks | grep -v sample
commit-msg  post-checkout  post-commit  post-merge  pre-commit  pre-push

$ cat .git/hooks/pre-push
#!/bin/sh
command -v git-lfs >/dev/null 2>&1 || { ... }
git lfs pre-push "$@"
```

That is git-lfs's hook, not pre-commit's — `.git/hooks/pre-commit` carries the
`# File generated by pre-commit` header and this one does not. `pre-commit install` with no
arguments installs the pre-commit hook and nothing else, and bandit was the only
`stages: [pre-push]` entry in the file. Every document in the repository that tells you how to
set this up says the bare command:

| document | line |
|---|---|
| `docs/development/5_developer-guide.md` | 38 |
| `docs/meta/installation-guide.md` | 67 |
| `docs/agents/AGENTS.md` | 238 |
| `skills/aitbc-software-setup/SKILL.md` | 281 |

Only the archived `docs/releases/v0.4.22/PRE_COMMIT_HOOKS_GUIDE.md` mentions
`--hook-type pre-push`, and nothing current points at it.

#### And there was no configuration to read

`-c pyproject.toml` has been in the args since the hook was added. There has never been a
`[tool.bandit]` section in that file — the only occurrence of the string is `bandit = "1.9.4"`
in the dev dependencies. The hook was also pinned at `rev: 1.8.3`, so if it had ever run it
would have run a different bandit from the one the project installs.

#### What it finds

Once invocable:

| scope | findings |
|---|---|
| everything on disk | 4,244 |
| tracked files only | 3,837 |
| tracked, excluding test files | 449 |
| tracked, excluding tests, MEDIUM severity and above | 36 |

The first two rows differ because bandit walks the filesystem and does not read `.gitignore`.
That run already passed `-x` for `venv/`; the 407 findings it still picked up outside version
control were 390 from `apps/coordinator-api/.venv/`, 16 from the vendored forge-std and
OpenZeppelin trees under `contracts/governance/lib/`, and 1 stray script. The `.venv/` share
includes 11 of the 21 HIGH findings, every one of them inside pip — its own `_internal` and
its vendored copies of requests and distlib.

Of the 3,837 tracked findings, 3,388 were `B101 assert_used` in test files. A gate that
reports four thousand things blocks nothing, so the hook now runs at
`--severity-level medium`, and `[tool.bandit]` in `pyproject.toml` holds the exclusions the
broken `-x` was reaching for.

`B104` (binding `0.0.0.0`) is skipped repo-wide with the reason written next to it: eight
sites, every one a service that runs in a container or behind the nginx proxy and binds the
one interface it has. B104 fires on the only spelling that works.

#### The 36

Down to **0**. Fixed rather than silenced, except where the finding was about a shape bandit
cannot see through:

**Real, fixed:**

- `scripts/utils/generate-api-keys.py` masks every key it prints — `print(f"API Key: {'*' * 32}")` —
  and then wrote all of them in cleartext to `/tmp/aitbc-api-keys.json` at the process umask.
  A fixed path any account on the host could read, and could have pre-created as a symlink.
  Now `tempfile.mkdtemp()` plus `os.open(..., O_EXCL, 0o600)`.
- `scripts/extract_openapi_specs.py` and `scripts/generate_openapi.py` set
  `WALLET_DIR=/tmp/test_wallet` — a keystore directory on a guessable shared path, with
  `KEYSTORE_PASSWORD=test-password` beside it. `generate_openapi.py` already had a
  `tempfile.mkdtemp()` two lines above and was not using it for this.
- Five `requests` calls with no timeout in `scripts/utils/cleanup_fake_gpus.py` and
  `scripts/utils/end_to_end_workflow.py`. requests waits forever by default.
- Two `urlopen` calls on URLs built from `$WALLET_RPC_URL` and `$GITEA_API_BASE`, both
  carrying credentials in an Authorization header, neither checking the scheme. `urlopen`
  honours `file:`. Both now reject anything that is not http or https — and both still carry
  `# nosec B310`, because B310 is a blacklist rule on the call and fires whatever guards
  precede it.
- Three staging files in the container deploy scripts written to fixed `/tmp` paths on the way
  to becoming root-owned unit files inside the container.

**False positive, marked:**

- `agent_stream.py:374` B608. The f-string interpolates `','.join('?' * len(spellings))` — a
  run of placeholders, never a value; every address arrives through the parameter tuple.
  sqlite3 has no way to bind a variable-length `IN` list, so this is the supported idiom.
  Lifted into a named `placeholders` variable so the marker sits on something readable.

**Deliberate, marked with the reason:**

- Ten `shell=True` calls across `scripts/deployment/deploy/container-deploy.py`,
  `deploy_container_with_miner.py` and `deploy_gpu_to_container.py`. The commands are literals
  composed with a container name that is the constant `"aitbc"` assigned inline; there is no
  input to inject, and they need a shell for `cd X && source Y && pip install` and
  `2>/dev/null || true`. Each marker carries the condition that invalidates it: a container
  name arriving from a flag or the environment.

#### Two things found on the way, filed separately rather than fixed here

- **22 tracked scripts hardcode `/home/oib/windsurf/aitbc`**, a path from a developer's old
  workstation that does not exist on this host. The three deploy scripts above are among them,
  which is why their `shell=True` calls were marked rather than restructured — they are dead
  code, and deciding that is a different change from making the hook work.
- **`scripts/testing/qa-cycle.py` has never done anything.** `run_cmd` passes command strings
  to `subprocess.run` with `shell=False`, so `"git fetch origin main"` is looked up as a single
  executable name; the resulting `FileNotFoundError` is swallowed by a bare `except`, and
  `main()` aborts at its first step.

#### Fix

`.pre-commit-config.yaml`:

```yaml
default_install_hook_types: [pre-commit, pre-push]
```

```yaml
  - repo: https://github.com/PyCQA/bandit
    rev: 1.9.4
    hooks:
      - id: bandit
        args: [-c, pyproject.toml, -r, ., --severity-level, medium]
```

`rev` moves 1.8.3 → 1.9.4 to match the project's own pin. `commit-msg` is deliberately absent
from `default_install_hook_types`: no hook declares that stage, and installing it would
displace the hand-written PILOT-79 ticket-tag guard for nothing.

`pyproject.toml` gains `[tool.bandit]` with `exclude_dirs` and the single `skips` entry.
Note that bandit matches `exclude_dirs` entries as plain substrings as well as globs, which is
why each is written with its surrounding slashes.

#### Verification

```
$ pre-commit run bandit --hook-stage pre-push --all-files
bandit...................................................................Passed
```

0 HIGH, 0 MEDIUM — down from 36 MEDIUM-and-above. 427 LOW remain below the gate.

`pre-commit run --all-files` passes every other hook, including `mypy-clean-apps`, `ruff`,
`ruff-format` and `openapi-specs-match-the-apps` — the last confirming that swapping
`scripts/extract_openapi_specs.py` onto a temporary `WALLET_DIR` still regenerates the specs
byte-identically. The one failure is `require-set-euo-pipefail-in-touched-scripts`, on 13
pre-existing `.sh` files this change does not touch; that hook is scoped to scripts in the
commit by design (V23-23), so `--all-files` is the wrong way to run it and its failure there
is expected.

Root suite: 6,284 passed, 272 skipped, exit 0 — the full 6,556, unchanged. The only app file
in this change is `agent_stream.py`, and the edit there is a comment plus a `# nosec` marker.

#### Operator step

This clone still has git-lfs's `pre-push` hook, and installing over it is an operator
decision, not one to take inside a shared working tree that deployed services run from:

```bash
pre-commit install
```

With `default_install_hook_types` set, that one command now installs both hook types. It is
safe to run over git-lfs's hook — pre-commit moves an existing hook to `pre-push.legacy` and
runs it before its own, so `git lfs pre-push` keeps happening. Confirmed in
`pre_commit/commands/hook_impl.py`, which calls `_run_legacy` before dispatching.

### V23-86 — a workstation path that outlived the workstation, in 24 tracked scripts · CONFIRMED → RESOLVED

`/home/oib/windsurf/aitbc` is a checkout on a developer's old machine. The repo is at
`/opt/aitbc`. 24 tracked `*.py`/`*.sh` files still name that path, and every one of them either
fails at its first command or operates on nothing.

Found while clearing the bandit findings for V23-85 — two of these scripts were among the ten
`shell=True` sites marked there. That PR left them in place deliberately: getting the hook to
run was one job, deciding what a dead script deserves is another.

#### Three of them were invisible

The obvious search misses a quarter of the problem:

```
$ grep -rln "/home/oib/windsurf" --include='*.py' --include='*.sh' . | grep -v '/venv/' | wc -l
21
$ git grep -l "/home/oib/windsurf" -- '*.py' '*.sh' | wc -l
24
```

`.gitignore:321` is `scripts/deployment/*`, with eight `!` exceptions below it. Everything else
under that directory — including the tracked `deploy/` subtree — is ignored, so `ripgrep`,
`ugrep --ignore-files` and every editor search that honours `.gitignore` skips files that are
in version control and get edited. `git grep` reads the index and sees them. The three hidden
ones were `deploy/deploy_container_with_miner.py`, `deploy/deploy_gpu_to_container.py` and
`deploy/deploy-explorer.sh`.

The 24th, `tests/verification/verify_windsurf_tests.py`, is not on `main` at all yet — it comes
back with the 90 files restored in V23-71 and is sitting in the unmerged stack.

#### What they point at

Almost nothing they name still exists:

| referenced | status |
| --- | --- |
| `gpu_miner_with_wait.py` | in no checkout, at no path, in no commit |
| `genesis_enhanced_devnet.yaml` | absent |
| `src/app/…` (coordinator-api) | package renamed to `coordinator_api` |
| `coordinator_api.database`, `.domain.gpu_marketplace` | both removed |
| `dev/tools/scripts/` | absent |
| `scripts/gpu/gpu_miner_host.py` | `scripts/gpu/` holds one README |
| `scripts/start-aitbc-full.sh` | moved to `scripts/development/` |
| `tests/test_windsurf_integration.py` | absent |
| `assets/` | absent |
| `incus` | not installed on this host |

So the failure is not only the path. `deploy_gpu_to_container.py` would still be broken after
`s|/home/oib/windsurf/aitbc|/opt/aitbc|`: it pushes a file that has never existed in this
repository, using a container runtime that is not installed, over `sudo systemctl stop
aitbc-*` against the host it runs on.

#### Deleted — 19

Nothing in the repo, in `/etc/systemd/system` (28 units, 2 timers) or in any crontab refers to
any of them.

*One-shot fix-it and verify-it scripts, for a layout three renames ago*

- `apps/coordinator-api/deploy_cross_chain_reputation_staging.sh` — asserts five `src/app/…`
  files exist and exits 1 on the first
- `scripts/utils/fix_gpu_release.py`, `scripts/utils/cleanup_fake_gpus_db.py` — `ImportError`
  at module scope; both target modules are gone
- `scripts/utils/fix_database_persistence.py` — rewrites `src/app/database.py`
- `scripts/utils/deploy_enhanced_genesis.py` — loads a genesis file that is not in the repo
- `scripts/utils/fix-startup-issues.sh` — patches `scripts/start-aitbc-full.sh`
- `scripts/utils/verify-codebase-update.sh` — verifies the June 2026 reorganisation completed
- `dev/testing/tests/definitive_explorer_proof.py` — greps a source file for four strings to
  prove a 2026 explorer fix landed
- `scripts/service-management/setup-production-assets.sh` — curls Tailwind, axios and lucide
  into an `assets/` tree that does not exist
- `tests/verification/verify_windsurf_tests.py` — chdirs to the workstation, then runs a test
  file that is not in the repo, to check an IDE's test panel

*Container deploys for a runtime that is not installed, pushing a file that does not exist*

- `scripts/deployment/deploy/deploy_container_with_miner.py`
- `scripts/deployment/deploy/deploy_gpu_to_container.py`
- `dev/gpu/deploy_gpu_all_in_one.sh`, `dev/gpu/deploy_gpu_container.sh`
- `scripts/services/gpu/deploy_gpu_all_in_one.sh`, `scripts/services/gpu/deploy_gpu_container.sh`
- `scripts/services/gpu/start_gpu_miner.sh`

*Wrappers naming two paths that do not exist*

- `dev/gpu/gpu_miner_host_wrapper.sh`, `scripts/services/gpu/gpu_miner_host_wrapper.sh` — a
  three-line `exec` of `.venv/bin/python` on `scripts/gpu/gpu_miner_host.py`

#### Repaired — 5

- `dev/gpu/gpu_acceleration/cuda_kernels/gpu_aware_compiler.py` — `base_dir` defaulted to the
  workstation's `apps/zk-circuits`. Now derived from `__file__`, overridable with
  `$AITBC_ZK_CIRCUITS_DIR`. Resolves to `/opt/aitbc/apps/zk-circuits`, which exists.
- `scripts/services/gpu/gpu_miner_host.py` — `LOG_PATH` was under the workstation's home and
  `os.makedirs` recreated that tree wherever the miner ran. Now `$LOG_PATH`, defaulting to
  `/var/log/aitbc/host_gpu_miner.log` — the value `scripts/gpu/README.md` and
  `docs/deployment/debian-miner-installation.md` already tell operators to set.
- `dev/gpu/start_gpu_miner.sh` — `cd`'d to the workstation and exec'd a path that exists in no
  checkout. Now execs the `gpu_miner_host.py` beside it.
- `scripts/utils/check-documentation-requirements.sh`, `scripts/utils/validate-requirements.sh`
  — stale `# File:` headers naming the workstation. Corrected, and both upgraded from `set -e`
  to `set -euo pipefail` as the touched-scripts hook requires.

`set -u` immediately surfaced a latent bug in the second: `$BLUE` is used once, at the incus
networking note, and was never defined. Under plain `set -e` the note printed with an empty
colour prefix and nobody noticed; under `set -u` the script aborted three checks from the end.
`BLUE` is now defined with the other four colours. Both scripts produce byte-identical output
to their pre-change baseline apart from that note, which now prints blue.

#### Documentation

`scripts/SCRIPTS_ORGANIZATION.md` and `tests/verification/README.md` list the deleted files;
those seven lines are gone. Three documents contained the workstation path in commands a reader
would paste — a `cd` in the agent-SDK deployment checklist, a `cd` in the GPU phase-3c summary,
and an `rm -rf` in the explorer merge summary — all now repo-relative.

`docs/architecture/edge_gpu_setup.md` told operators to
`cp scripts/gpu/gpu_miner_host.py.example scripts/gpu/gpu_miner_host.py`. Neither file exists.
The step is now the three environment variables the miner actually reads, and the other five
references point at `scripts/services/gpu/`.

#### Left alone, deliberately

`scripts/deployment/deploy/deploy-explorer.sh` names the path only in a comment, describing the
same bug being fixed here — V23-22 already repaired that script, and it is the model the
repairs above follow. `docs/cli/testing.md` and the v0.22, v0.3.7, v0.4.2 and v0.4.25 release
notes describe the path historically; release logs are a record, not a configuration.

#### Not fixed here, worth a look

- **`dev/gpu/` and `scripts/services/gpu/` are the same nine files, forked.** Both were created
  in `dcfa58039` and have drifted in *both* directions since — `dev/gpu/gpu_miner_host.py` reads
  its config from the environment while the `scripts/` copy has `MINER_ID = "${MINER_API_KEY}"`,
  a shell expansion in a Python string literal that has never expanded; the `scripts/` copy has
  tighter `except httpx.RequestException` handling the `dev/` copy lacks. They disagree on the
  coordinator port three different ways (8000, 8001, 8203, 9080). Nothing references either
  directory, so nothing forced a choice. Collapsing them is a maintainer decision about which
  port and which config style is current, not a mechanical merge, and this change does not make
  it — it repairs the path in both survivors and leaves them side by side.
- **`docs/architecture/edge_gpu_setup.md` documents four flags that do not exist**:
  `--test-discovery`, `--test-latency`, `--test-inference` and `--health-check`.
  `gpu_miner_host.py` contains no `argparse` and never reads `sys.argv`.
- **`scripts/services/gpu/miner.spec`** builds `aitbc-miner-debian`, the binary documented in
  `scripts/gpu/README.md` and `docs/deployment/debian-miner-installation.md`, but nothing
  invokes it — `scripts/deployment/build-release.sh` calls `pyinstaller --onefile` directly and
  never reads the spec.

#### Verification

Root suite: 6,284 passed, 272 skipped, exit 0 — unchanged from the V23-85 baseline; none of the
deleted files were collected. `pre-commit run --all-files` passes every hook except
`require-set-euo-pipefail-in-touched-scripts`, which flags 330 pre-existing untouched `.sh`
files under `--all-files` and none of the three this change touches. The bandit pre-push gate
from V23-85 still reports 0 HIGH and 0 MEDIUM.

### V23-87 — a security fix that flipped one keyword, and the script that stopped at its first command · CONFIRMED → RESOLVED

`scripts/testing/qa-cycle.py` fetches `main`, runs the two package test suites, lints, requests
sibling reviews on open PRs and reports repository status. Every caller of its `run_cmd` passed
a single string:

```python
rc, out, err = run_cmd("git fetch origin main")
```

and `run_cmd` ran it with `shell=False`, which makes `subprocess` treat that string as the name
of one executable. There is no program called `git fetch origin main`, so the first command
raised `FileNotFoundError`, the bare `except Exception` below it returned `(-2, "", str(e))`,
`fetch_latest_main()` logged `Fetch failed` and `main()` returned. The script has never run past
its first command — no tests, no lint, no review requests, no status.

#### Where the string form came from

It was not always wrong. `dcfa58039` (2026-06-06) added the script with `shell=True`, and under
a shell a string is exactly right. `21e142b70` (2026-06-10, *"update mypy config, remove
hardcoded credentials, improve security and logging"*) changed one line:

```
-            shell=True,
+            shell=False,
```

and nothing else. That is the correct fix for B602 and half of it: turning the shell off means
the callers have to become argv lists in the same commit, and they did not. Four days of
working, then sixty-seven of a script that logged one failure and exited.

Nothing caught it because nothing looked. `rc=-2` from the bare `except` is indistinguishable
from a command that ran and failed, and the only reader was the log.

#### Nothing depends on the broken behaviour

Checked before changing it, since a scheduled job that quietly does nothing is still a job
someone may be reading the output of:

- no unit in `/etc/systemd/system` mentions it — 26 services, 2 timers, and the only timers are
  `aitbc-backup` and `aitbc-blockchain-sync`
- `/var/spool/cron/crontabs/` is empty, `crontab -l` reports no crontab for root, and nothing
  under `/etc/cron.d`, `/etc/crontab` or `/etc/cron.{daily,hourly}` names it
- in-repo, only `docs/infrastructure/LOGS_ORGANIZATION.md` and `scripts/SCRIPTS_ORGANIZATION.md`
  refer to it, both as inventory listings rather than callers

`/var/log/aitbc/qa-cycle.log` does not exist, in a directory holding a dozen other logs. `log()`
creates it on its first call and `main()` calls `log()` before it does anything else, so as far
as this host is concerned the script has not been invoked at all.

#### The fix

Argv lists, not `shell=True`. V23-85 cleared the B602 findings and none of
these commands needs a shell once it is a list — no pipes, no globs, no redirection, no
variable expansion:

| was | is |
| --- | --- |
| `"git fetch origin main"` | `["git", "fetch", "origin", "main"]` |
| `"git checkout main"` | `["git", "checkout", "main"]` |
| `"git reset --hard origin/main"` | `["git", "reset", "--hard", "origin/main"]` |
| `f"python3 -m pytest ... --rootdir \"$PWD\" ..."` | a literal list, `--rootdir str(package_root)` |
| `"flake8 packages/py/ --count ..."` | a literal list |

`--rootdir "$PWD"` is the one argument that needed thought rather than splitting. It is only a
shell that expands `$PWD`; the value it wanted is the `package_root` the loop is already
iterating over, so it is passed directly.

Three smaller changes, each because the bug could not have survived this long without them:

- `run_cmd` now raises `TypeError` on a string argument. The next caller written in the old
  style fails loudly instead of looking like a missing binary.
- `except Exception` narrowed to `except OSError`. That clause is what disguised the failure.
- the module-level `time.sleep(random.randint(0, 900))` moved into `main()`. At import it made
  the module impossible to import, to test, or to run with `--help` without waiting up to
  fifteen minutes first — which is a large part of why nobody ever ran this file by hand.

#### The second bug, which only became visible once the first was fixed

With `run_cmd` working, `run_tests()` reported `aitbc-sdk` failing:

```
ModuleNotFoundError: No module named 'aitbc_crypto'
```

`build_pytest_env` put only the package under test and the repo root on `PYTHONPATH`. The
packages cross-import — `aitbc-sdk`'s `test_receipts.py` imports `aitbc_crypto`, which lives in
a sibling's `src/` — so the first suite failed at collection. This was never a real failure of
those packages; it was invisible for as long as pytest could not be started at all, and would
have been the script's first output the moment it could. Every `packages/py/*/src` now goes on
the path, `dict.fromkeys` de-duplicating while keeping first-wins order so the package under
test still shadows any installed copy.

#### Verification

`main()` and `fetch_latest_main()` were **not** run: they `git checkout main` and
`git reset --hard origin/main`, and this is a shared working tree that the deployed
coordinator-api, blockchain-node and edge services run from directly. Everything below was
exercised by importing the module through `importlib` with `log` monkeypatched to `print`, so
nothing was written to `/var/log/aitbc/` either.

```
argv list      -> (0, 'fix/v23-87-qa-cycle-argv\n')
nonzero exit   -> 128
missing binary -> rc -2, via the OSError path
string arg     -> TypeError: run_cmd takes an argv list, not a string: 'git fetch origin main'

the original bug, reproduced:
  string form  -> FileNotFoundError: [Errno 2] No such file or directory: 'git fetch origin main'
  list form    -> resolves to /usr/bin/git
```

and the two functions that had never executed:

```
Running test suites...
Testing aitbc-sdk...
✅ aitbc-sdk tests passed.
Testing aitbc-crypto...
✅ aitbc-crypto tests passed.
Running linters (flake8 if available)...
flake8 not installed; skipping lint.
```

`run_lint()` reaching its `shutil.which` guard and reporting honestly is the correct outcome
here; flake8 is not installed on this host and the repo lints with ruff.

Root suite: 6,284 passed, 272 skipped, exit 0 — unchanged from the V23-86 baseline.

`pre-commit run --all-files` fails only `require-set-euo-pipefail-in-touched-scripts`, on 329
pre-existing untouched `.sh` files, which is what that hook does under `--all-files` by design;
this change touches no shell script. Every other hook passes, `ruff`, `ruff-format` and
`mypy-clean-apps` among them.

The bandit gate from V23-85 still reports 0 results at `--severity-level medium` — 0 HIGH,
0 MEDIUM, 382 LOW, exit 0. The two `# nosec` comments added here name their rules and their
reasons (`B603` for the shell-less `subprocess.run`, `B311` for the scheduling jitter).

#### Not fixed here

`review_my_open_prs()` and `synthesize_status()` are unverified. They need `$GITEA_TOKEN`, and
`review_my_open_prs()` `POST`s to `requested_reviewers` on the live repository — running it to
see whether it works would request reviews on real open PRs. Their argument handling is not
affected by this change: they go through `query_api`, not `run_cmd`. They should be watched on
the first real invocation.

Noticed while running the gate: bandit reads everything after the rule ID in a `# nosec` comment
as further rule IDs, so `# nosec B104 - intentional service bind-all; …` makes it try to look up
`intentional`, `service`, `bind-all` and the rest. It warns once per word and ignores them, which
is harmless but adds up — 1,558 `Test in comment` warnings on a full run, enough to bury a real
message. 152 of the repo's 185 `# nosec` lines are written this way, and the two added here
follow the same house style rather than diverging from it in one file; moving
the prose onto the line above and leaving a bare `# nosec BXXX` inline silences it, and that is a
repo-wide edit rather than part of this one.

### V23-88 — a lint fix that deleted nine defaults, and the five tests that recorded the result · CONFIRMED → RESOLVED

Nine query parameters across five marketplace endpoints were required. Asking for analytics
without saying which period, or listing transactions without a filter, answered `422` — and the
published spec agreed, because FastAPI had been told they were mandatory:

| endpoint | parameters |
| --- | --- |
| `GET /v1/marketplace/analytics` | `period_type` |
| `GET /v1/marketplace/performance` | `period` |
| `GET /v1/marketplace/offer/{service_id}/ratings` | `limit`, `offset` |
| `GET /v1/marketplace/ratings/unsynced` | `limit` |
| `GET /v1/transactions` | `action`, `status`, `island_id`, `transaction_type` |

A parameter annotated `X | None` with no default is *required* to FastAPI. `| None` says what
values are allowed, not whether the caller must supply one; only a default does that. This is
the third time it has been found here — V23-83 on `cancel_offer`, v0.6.6 on `/offers` — which is
why the annotation deserves the suspicion it now gets.

#### The defaults were there, and a lint fix removed them

`get_transactions` was written correctly in `dcfa58039` (2026-06-06):

```python
async def get_transactions(
    transaction_type: str | None = None,
    action: str | None = None,
    status: str | None = None,
    island_id: str | None = None,
    session: AsyncSession = Depends(get_session_dep),
):
```

`9cdccde02` (2026-06-16, *"Fix B008 violations: add Annotated to function parameters with
Depends"*) made it:

```python
async def get_transactions(
    transaction_type: str | None,
    action: str | None,
    status: str | None,
    island_id: str | None,
    session: Annotated[AsyncSession, Depends(get_session_dep)],
) -> Any:
```

Four `= None` deleted from parameters that already had them. The B008 fix itself is correct and
worth having — `Depends(...)` evaluated in a default argument is the thing B008 exists to catch.
But `session: Annotated[AsyncSession, Depends(get_session_dep)]` has no default where
`session: AsyncSession = Depends(...)` did, and Python will not accept a parameter without a
default after parameters with one:

```
SyntaxError: parameter without a default follows parameter with a default
```

So the commit had a choice: move the dependency ahead of the query parameters, or strip the
defaults off the query parameters. It stripped the defaults. That keeps the signature legal and
`| None` still *reads* as "optional", which is presumably why it looked finished. The four other
endpoints were hit the same way in the same commit:

| before `9cdccde02` | after | now |
| --- | --- | --- |
| `period_type: str = "daily"` | `period_type: str \| None` | `period_type: str = "daily"` |
| `period: str = "daily"` | `period: str \| None` | `period: str = "daily"` |
| `limit: int = 50, offset: int = 0` | `limit: int \| None, offset: int \| None` | `limit: int = 50, offset: int = 0` |
| `limit: int = 100` | `limit: int \| None` | `limit: int = 100` |

The fix is the branch that commit did not take: the dependency goes first, and the defaults come
back to the values it deleted them from.

#### The code underneath never agreed

Nothing below these signatures was rewritten to match, so the whole file still assumed the
parameters were optional:

- `MarketplaceService.get_analytics` declares `period_type: str = "daily"` (`marketplace_service.py:198`),
  `get_service_ratings` declares `limit: int = 50, offset: int = 0` (`:644`), and
  `get_unsynced_ratings` declares `limit: int = 100` (`:670`). Those defaults were unreachable:
  a caller who omitted the parameter never got that far, and one who supplied it overrode it.
- `get_transactions` branches on `not action` and guards `if status:` and `if island_id:` — it is
  written to handle absent filters, for callers who could not send absent filters.
- Four `# type: ignore[arg-type]` comments sat on these call sites, silencing mypy's correct
  observation that a `str | None` was being passed to a `str` parameter. They are removed; the
  types now line up on their own. The four `# type: ignore` remaining in the file are unrelated
  SQLAlchemy ones.

#### The five tests

Each of the affected endpoints had a test, and each asserted the 422:

```python
def test_get_marketplace_analytics_missing_param(client):
    """Test get marketplace analytics without required param returns 422"""
```

The behaviour was covered, pinned, and named as intended — four of the five paired tests even
pass the parameters explicitly under names like `test_get_marketplace_analytics_with_param`,
so the required form was the one being demonstrated. This is the same shape as the v0.6.6 fix
to `/offers`, whose test still carries the docstring *"Test get marketplace offers without
params — all params optional (v0.6.6)"* from when it was flipped the other way. Written after
the fact, a test records what the code does; it cannot distinguish that from what the code
should do. All five are renamed and now assert the behaviour the endpoints were built for:

| was | is | now asserts |
| --- | --- | --- |
| `test_get_marketplace_analytics_missing_param` | `..._default_period` | `200`, `period_type == "daily"` |
| `test_marketplace_performance_missing_param` | `..._default_period` | `200`, `period == "daily"` |
| `test_get_ratings_missing_params` | `test_get_ratings_default_paging` | `404 {"error": "Service not found"}` — V23-81's 404, now reachable |
| `test_get_unsynced_ratings_missing_param` | `..._default_limit` | `200 {"ratings": [], "count": 0}` |
| `test_get_transactions_missing_params` | `test_get_transactions_no_filters` | `200`, a list |

#### `transaction_type` is accepted and never read

It has been declared on `get_transactions` since the endpoint was written and nothing in the
handler reads it. The rows it returns are built from `MarketplaceOffer` and are all
`"action": "offer"`, so there is no field for it to select on either. It is kept as an optional
parameter rather than deleted: a caller already sending it should not meet a changed contract as
a side effect of this fix, and removing a published parameter is a decision on its own. Wiring
it up or dropping it is left open deliberately.

#### The contract change

Nine parameters go from `"required": true` to `"required": false` in
`docs/api/marketplace-openapi.json`, and five gain a published `"default"` — `"daily"`,
`"daily"`, `50`, `0`, `100` — which were previously invisible to anyone reading the spec. This
is a relaxation in one direction only: every request that worked before still works and returns
the same answer, and requests that returned `422` now return data. The spec was regenerated with
`make openapi`; `make openapi-check` failed before it (`27 lines to add, 57 to remove`) and
passes after, which is V23-82's drift guard doing the job it was wired up for.

#### Verification

```
apps/marketplace/tests/test_main.py: 41 passed
make openapi-check: ✅ OpenAPI: docs/api/ matches the applications (5 specs)
```

Root suite: 6,288 passed, 271 skipped, exit 0 — unchanged from the V23-87 baseline.

`pre-commit run --all-files` fails only `require-set-euo-pipefail-in-touched-scripts`, on 297
pre-existing untouched `.sh` files -- down from 329 at V23-87, the difference being the
strict-mode pass in `b64b308c8`/`d60f9bb83` -- which is what that hook does under `--all-files` by design;
this change touches no shell script. Every other hook passes, `ruff`, `ruff-format` and
`mypy-clean-apps` among them.

Nothing else depended on the old behaviour: no other test asserts a `422` on these routes, and
no document describes these parameters as required.

#### Not fixed here

`9cdccde02` touched far more than this file, but it is not the whole cause. An AST scan of every
route handler in the repository — a parameter whose annotation includes `None`, is not
`Annotated`, and has no default — finds 300 of them. Seventeen are annotated `dict`, `list` or `Any`, which FastAPI
reads as a request body rather than a query parameter, and a required body is ordinary; eleven
of those sit on `POST` handlers. Excluding them leaves **283 required-by-accident query
parameters across 121 handlers in 30 files**, with `apps/marketplace` now at zero:

```
250  apps/coordinator-api
  8  apps/gpu
  8  apps/pool-hub
  8  apps/trading
  7  apps/edge
  2  apps/agent-coordinator
```

252 of the 283 are on `GET` handlers. Eighteen are annotated with an enum — `AnalyticsPeriod`,
`DeploymentStatus`, `StakeStatus` and eleven others — and those count: FastAPI reads a
`StrEnum` as a scalar query parameter, not as a model. They concentrate in a few routers:
`global_marketplace_integration.py` (32), `analytics.py` (27), `ecosystem_dashboard.py` (25),
`certification.py` (20), `security_router.py` (20).

They read the same way this file did; `agent_app/routers/alerts.py:20` is
`async def get_alerts(request: Request, status: str | None, ...)` under the docstring *"Get
alerts with optional status filter"*, over a body that branches `if status == "active"`.

Walking each of those 30 files' history says the edit above is not what put most of them there:
23 of the 283 had a default that a later commit deleted — 16 of them by `9cdccde02` — and **260
were born without one**, most of them in files that did not exist when `9cdccde02` ran. So that
commit is where the shape was introduced here, not where they all came from; it became the house
style. They are wrong either way, since a required query parameter can never be `None` and the
`| None` describes a value the handler cannot be given.

Each still needs the same question this change answered five times — what did the code
underneath expect when the parameter was absent — and each app's published spec changes with it.
V23-89 takes all 283.

### V23-89 — 283 query parameters that could never be what their type said they were · CONFIRMED → RESOLVED

V23-88 fixed nine query parameters in `apps/marketplace` that FastAPI treated as required
because they were annotated `X | None` with no default. This is the same fault everywhere else:
**283 parameters, across 121 handlers in 30 files, in six applications.**

```
250  apps/coordinator-api        8  apps/pool-hub        7  apps/edge
  8  apps/gpu                    8  apps/trading         2  apps/agent-coordinator
```

#### The correction to V23-88's account

V23-88's *Not fixed here* said the same B008 edit had been applied repo-wide. That is wrong, and
walking each file's history says so: of the 283, **23** had a default that a later commit
deleted — 16 of them by `9cdccde02`, the B008 commit — and **260 were born without one**. The
files holding most of them did not exist when `9cdccde02` ran.

So this is not one bad commit. `9cdccde02` is where the shape was introduced, and it became the
house style: a parameter that may be absent gets written `X | None`, the annotation is read as
saying "optional", and nobody checks what FastAPI does with it.

#### Why all 283 are wrong regardless of origin

A required query parameter cannot be `None`. There is no way to send it — a client either
supplies a value or omits the parameter and receives `422`. So in every one of these 283
signatures the `| None` describes a value the handler can never be given, and every `if not x`
below it is unreachable. The code and its types disagree, whether the default was deleted or
never written.

That disagreement is not theoretical. 160 of the 283 sit above a body that branches on their
absence; 117 are forwarded to a service call and never inspected; 6 are never read at all.

#### What the default should be, according to the code

Not a judgement call in most cases. **79 handlers apply a default in the body** — the same
workaround V23-88 found, at scale:

```python
limit or 100          period or 'weekly'        format or 'json'
page or 1             time_range or '1h'        target_environment or 'production'
lock_period if lock_period is not None else 30
```

and git records a deleted default for 23 more. Where both exist they agree on the value, in all
five cases where they overlap. So:

| | |
| --- | --- |
| given the value the code already applies | 81 |
| given `None`, which is what the annotation already said | 202 |

The point of moving them into the signature is that a default in the body is invisible: it does
not reach the OpenAPI document, so no client can see that `limit` means 100 unless they read
the source.

`x if x is not None else V` is dead once `x` defaults to `V`, and 17 of those are removed.
`x or V` is **kept** — it still catches an explicitly supplied `0` or empty string, which is a
different case from omission — so no falsy value changes meaning.

#### The ordering rule that caused it

Python requires parameters without defaults to precede those with them, and
`Annotated[T, Depends(...)]` has no default where `T = Depends(...)` did. That is the
constraint `9cdccde02` resolved by deleting defaults. Here the dependencies move to the front
of the signature instead. FastAPI resolves parameters by name and annotation, so the order
carries no meaning for callers.

The five pool-hub parameters whose deleted default was `Query(default=24, ge=1, le=168)` cannot
have it back verbatim — B008 is selected in `pyproject.toml` and forbids a call in a default —
so the bounds move into the annotation, `Annotated[int, Query(ge=1, le=168)] = 24`, which keeps
the validation the endpoint had before `9cdccde02` removed it. One
`# type: ignore[arg-type]` in `sla.py` became unnecessary once `hours` stopped being optional
and is removed, as four were in V23-88.

#### Nothing had to be changed to accommodate it

No parameter is dereferenced by its handler — every one of the 117 unguarded ones is passed
onward, never `.attribute`-ed, indexed or iterated — so no request that used to answer `422`
can now raise inside the handler instead. Checked before the change, since turning a `422` into
a `500` would have been a worse outcome than the bug.

**No test needed changing.** Where V23-88 found five tests pinning marketplace's `422`s, not one
of these 283 parameters has a test asserting the old behaviour. That is not reassurance: it
means these endpoints are largely untested. `/staking/leaderboard`, `/bounties` and
`/sla/violations` are matched by no test file at all.

#### Verification

Root suite: **6,559 tests, 0 failures, 0 errors, 271 skipped, exit 0** (counts from JUnit XML) —
identical to the baseline before the change.

`ruff` and `ruff format` clean over all 30 files. `mypy-clean-apps` passes.
`pre-commit run --all-files` fails only `require-set-euo-pipefail-in-touched-scripts`, on
pre-existing untouched `.sh` files, which is what that hook does under `--all-files` by design;
this change touches no shell script.

The specs were regenerated with `make openapi`: 104 parameters go from `"required": true` to
`false` and 32 defaults become visible to clients for the first time.

#### Not fixed here

Only `agent-coordinator` and `coordinator-api` of the six applications touched here publish an
OpenAPI document, so for `edge`, `gpu`, `pool-hub` and `trading` this contract change is not
visible in `docs/api/` at all — there is nothing there to regenerate. Five specs are published;
those four are not among them. Whether they should be is a decision for whoever owns the drift
guard V23-82 wired up.

Seventeen more parameters match the same annotation pattern but are typed `dict`, `list` or
`Any`, which FastAPI reads as a request body rather than a query parameter. A required body is
ordinary, and eleven of them are on `POST` handlers, so they are left alone. Six, however, are
on `GET` handlers — a `GET` that declares a request body — which is worth a look on its own.

### V23-90 — a diverged follower reported health four different ways for 46 hours · CONFIRMED → RESOLVED

The hub's chain database was reset to genesis on 2026-08-15 at 11:12 local. The follower on
`aitbc3` was at height 4,211 of the chain the hub had just discarded — its last import was block
4,211 at 11:12:01, and the hub's replacement block 1 is stamped 11:12:19. It stayed at 4,211
until an operator reset it by hand 46 hours later. The journal for that window holds 2,753
`Fork detected`, 2,787 `Block import failed`, and **zero** imported blocks.

Four independent mechanisms could have caught it. Each one ran. Each one reported that nothing
was wrong.

#### 1. Bulk sync compared heights and never hashes

This is the multi-block path — `/rpc/blocks-range` in adaptive batches, the thing that imported
2,758 blocks in three seconds once the node was reset. It ran nine times during the outage. Six
of those ended here:

```python
if remote_height <= local_height:
    logger.info("Already up to date", extra={"local_height": local_height, "remote_height": remote_height})
    return 0
```

2753 ≤ 4211, so the node told itself it was up to date — while refusing 2,787 blocks pushed by
the peer it had just asked. The other three attempts died on `Failed to fetch remote head`
during a network blip on 08-16.

Height is not identity. `bulk_import_from` now compares the hash it holds at the peer's head
height before believing that answer, which is the one question that separates "in sync" from "on
a different chain". It costs no extra request: the hash is already in the `/rpc/head` response
the function fetches to learn the height.

#### 2. The force-pull gap check could not represent being ahead

Nine pull attempts in 46 hours is the second fault. `periodic_sync_interval` is 30 seconds, so
roughly 5,500 cycles ran; the pull was skipped in all but nine, because push mode was nominally
healthy and the escape hatch read

```python
gap = remote_height - local_height
if gap >= 3:  # Force pull if gap is 3 or more blocks
```

The gap was **−1458**. Eight `Block gap too large` warnings in the two hours before the
divergence, zero in the 46 hours after it. The nine cycles that did pull were three service
restarts and the HTTP failures falling into the `except` branch — accidents, not policy.

The comparison is now a named function, `_pull_trigger`, that classifies the gap as `"behind"`,
`"ahead"` or nothing, and `"ahead"` forces a pull so the hash comparison above actually happens.
Being ahead of the peer you follow is not a healthy state: it is either divergence or a peer that
lost its history, and both need looking at.

#### 3. Fork rejections were never counted toward anything

`auto_resync_enabled` is `True` and `auto_resync_after_rejections` is 3, so on paper three
rejections trigger recovery. Neither rejection path in `_resolve_fork` called `_track_rejection`;
only state-root rejections did. 2,753 rejections, counter never incremented.

Wiring the existing counter up would not have helped, for two reasons that are worth recording:

- `subscription_client._import_block` constructs a **new `ChainSync` for every pushed block**, so
  the instance-level `_rejection_counts` is discarded before the next block arrives and can never
  reach a threshold.
- `_check_and_trigger_resync` recovers by calling `loop.run_until_complete(...)`, which raises
  inside the already-running event loop that the push path lives in.

And auto-resync could not have fixed this anyway: recovery means `bulk_import_from`, and the peer
was 1,458 blocks *behind* us. So the counter that matters is a count of consecutive **divergent**
rejections, it lives on the long-lived `SubscriptionClient` rather than on the per-block
`ChainSync`, and crossing the threshold reports rather than acts.

`ImportResult` gained a `diverged` flag for that, set on the one `_resolve_fork` path production
reaches. It is a flag and not a string match because the caller needs to tell a permanent
condition from a transient one, and reason text is not an interface.

#### 4. The state root comparison was INFO, and it healed the wrong half

`sync_state_from` compares its computed root against the peer's after reconciling accounts. It
logged

```
State sync complete: created=0, updated=0, local_root=0x176df54d…, remote_root=0x3bdb6a31…, match=False
```

**414 times** during the outage, at INFO, and `_periodic_sync_task` only logged the result at all
when `synced > 0` — so a node that knew its state disagreed with its peer for 35 hours said
nothing about it either way.

Worse than silence: it kept writing the hub's balances into the local account table. By the
08-16 22:04 restart `local_root` had become the hub's root while the block history was still
1,458 blocks of the chain we were rejecting — the head block's `state_root` no longer described
the accounts underneath it. The state sync was healing the symptom that would have identified the
disease.

So `sync_state_from` now checks chain agreement before it writes anything and refuses a peer whose
blocks we are rejecting: balances describe a chain, and copying them across a fork produces a
database that is internally inconsistent in a way neither side can detect. A mismatch that
survives a full account sync is a warning rather than an INFO, and `_periodic_sync_task` reports
it whether or not anything was synced.

#### 5. Every rejection printed the same reasonless line

```python
logger.warning("Block import failed", extra={... "reason": result.reason ...})
```

The deployed formatter drops `extra` — the same root cause as V23-78's structured-logging switch
— so 2,787 rejections over two days were one indistinguishable line, and a missing parent that
heals in 60 seconds looked exactly like a divergence that never heals. The reason is now in the
message: `Block import rejected at height 2748: Divergent chain: we hold a different block …`.

The old reason text made that worse. `Fork rejected: our chain is longer or equal (4211 >= 2748)`
reads like a healthy outcome — the longest-chain rule doing its job — when what it means is that
this node will never accept another block from its hub without operator action. It now names the
condition and carries both hashes.

#### What it deliberately does not do

It does not truncate local history. Discarding 1,458 accepted blocks is a consensus decision, and
the peer is not always the side that is right — in this incident it happened to be, but a
follower cannot know that. So the escalation is one throttled `ERROR`
(`divergence_report_interval`, 300s) naming the fork height, both hashes, the peer, and the
recovery command an operator can run, plus a `sync_diverged` gauge and a
`sync_divergence_detected_total` counter for alerting. The message says explicitly that if this
node is the authoritative one, the peer needs the resync instead.

Detection is now in one module, `sync_divergence.py`, because the throttle has to be module-level
state: nothing that detects divergence lives long enough to hold it. `ChainSync` is rebuilt per
pushed block and per sync cycle.

#### Dead code this uncovered, left alone

`import_block` calls `_resolve_fork` only from inside `if height <= our_height`, so the
`fork_height <= our_height` rejection is the only branch reachable. Everything after it — the
`max_reorg_depth` guard, the block deletion, the re-append, `sync_reorgs_total`,
`sync_reorg_depth` — cannot execute. This node cannot reorg at all, which is why divergence is
terminal for it rather than merely slow. Implementing reorg is a consensus feature and not a bug
fix; it is out of scope here and flagged separately.

`TestBug2ChainIdInSyncRPC` in `test_v0516_regression.py` is a class with a docstring and no
tests, which is why nothing outside the new file exercised `bulk_import_from`.

#### Verification

Root suite: **6,579 tests, 0 failures, 0 errors, 271 skipped, exit 0** (counts from JUnit XML) —
the baseline 6,559 plus the 20 new tests, with the skip count unchanged.

`apps/blockchain-node/tests/test_sync_divergence.py` covers each fault against the shape of the
production data: a peer behind us with a different hash reports divergence instead of "up to
date"; the same peer with a matching hash still reports up to date; an empty node reading a
peer's genesis is not divergence; a peer ahead of us is a gap, not divergence; a duplicate is
not; `_pull_trigger(-1458)` is `"ahead"`; the throttle suppresses the second report and counts it
anyway; the push counter crosses its threshold on the third divergent block and resets when one
is accepted; and state sync refuses a diverged peer without touching a balance.

Two existing assertions in `test_sync.py` pinned the old reason string
(`"longer" in result.reason`) and now assert `diverged is True` and the new text.
`test_stale_block_rejected` is renamed `test_lower_height_block_with_different_hash_rejected`,
because its input is a different hash at a height we already hold, which is divergence and not
staleness — the name had been describing a branch it never reached.

`ruff`, `ruff format` and `mypy` clean over `apps/blockchain-node`.

#### Not fixed here

The deployed `aitbc-blockchain-node` runs from this working tree, so none of this takes effect
until the service is restarted — an operator decision, not made here. The follower is currently
healthy and tracking the hub, so there is no urgency, and the first restart is what arms the
detection for next time.

`BLOCK_PRODUCTION_CHAINS=ait-hub.aitbc.bubuit.net` is still set in `/etc/aitbc/blockchain.env` on
this follower-only host. It is harmless today only because the keystore has no proposer key, so
`Block production disabled on this node` fires at startup. If a key ever appears there, this node
starts proposing blocks on the hub's chain, which is how two-sided divergence begins.

### V23-91 — a ZK subsystem that reported four circuits and could not produce one proof · CONFIRMED → RESOLVED

`ZKProofService` loaded, logged `Available circuits: [...]`, and answered `enabled: true`. Every
proof it was asked for failed, and every failure was reported as a proof failure rather than as a
missing dependency. Five faults stacked here, each sufficient on its own to make proving
impossible. V23-24 and V23-26a had both audited this file; neither had run it.

#### 1. snarkjs was not installed, and `npm install` could not install it

```json
"prepare": "snarkjs powersoftau prepare phase2 pot12_0001.ptau pot12_final.ptau -v",
```

`prepare` is an npm lifecycle hook — npm runs it automatically after every `npm install`. That
line therefore ran a ceremony step against `pot12_0001.ptau`, which is gitignored
(`apps/zk-circuits/.gitignore:22`) and not in the tree, so the hook died on `ENOENT` and handed
its exit code to the install. The dependencies had in fact been placed by then; the install
reported failure anyway, and `node_modules/` was never left behind by anyone who tried.

Renamed to `prepare-phase2`, which is what the other ceremony scripts already look like
(`generate-zkey`, `contribute-zkey`). `npm install` now completes and produces snarkjs 0.7.6;
`package-lock.json` is committed with it.

#### 2. `require('snarkjs')` could not have resolved even from a correct install

Node resolves `require()` against the directory of the **script being executed**, not the process
cwd. All three snarkjs call sites — `verify_proof`, `_generate_proof`, `_generate_proof_generic` —
write their JavaScript to a `NamedTemporaryFile` under `/tmp`, so the search path was
`/tmp/node_modules`, then `/node_modules`. Two of the three passed `cwd=self.circuits_dir`, which
has no bearing on module resolution at all. `npm install -g` would not have fixed it either:
global roots are not on the default require path.

`NODE_PATH` is the only lever, so that is what the service sets:

```python
_DEFAULT_SNARKJS_NODE_PATH = Path(__file__).parents[6] / "zk-circuits" / "node_modules"
SNARKJS_NODE_PATH = Path(os.getenv("COORDINATOR_SNARKJS_NODE_PATH") or _DEFAULT_SNARKJS_NODE_PATH)
```

All three subprocesses now run with `env=_node_env()`, and the two error paths that report a
failed subprocess include the `NODE_PATH` they used. Because the old failure mode was "four
circuits available, every proof fails with MODULE_NOT_FOUND", startup now says so directly:
loading circuits while `snarkjs_available()` is false logs an error naming the directory it
looked in.

#### 3. The generated JavaScript could not have produced a witness

```javascript
const { witness } = await snarkjs.wtns.calculate(inputs, wasm, wasm);
const { proof, publicSignals } = await snarkjs.groth16.prove(zkey, witness);
```

`wtns.calculate` takes a *path* or a `{type: "mem", data}` object, and it writes the witness to
its third argument rather than returning one. Both `wasm` and `zkey` here were `Buffer`s from
`fs.readFileSync`. So the call raised `Cannot read properties of undefined (reading 'type')`
before the Buffer was ever parsed, and `witness` was `undefined` in the line that followed —
which would not have mattered, because nothing was going to reach `groth16.prove`.

`_generate_proof`, `_generate_proof_generic` and `apps/zk-circuits/generate_proof.js` now call
`groth16.fullProve(inputs, wasmPath, zkeyPath)`, which is the one-shot form and takes paths.
Each script also ends in `process.exit(0)`: snarkjs leaves ffjavascript worker threads running,
so a script that merely finishes never exits and the subprocess hangs to its timeout.

#### 4. Three verification keys were missing and the fourth was a placeholder

```json
"vk_alpha_1": ["0x1234", "0x5678", "0x0"],
"vk_beta_2": [["0x1234","0x5678","0x0"],["0x1234","0x5678","0x0"]],
...
"IC": [["0x1234","0x5678","0x0"]]
```

That is the whole of `ml_inference_verification_js/verification_key.json` as committed — every
group element the same literal placeholder, and an `IC` of one point where a circuit with one
public signal needs two. `receipt_simple` and `ml_training_verification` had no
`verification_key.json` at all.

V23-26a's `_verification_key_mismatch` compared `nPublic` and nothing else, and the stub declared
`nPublic: 1`, which is what its proving key says. It passed. And `ml_inference_verification` was
the **only** circuit this service offered for three releases (`3fc1333fe`, `7dddb66c1`,
`dcfa58039`), so the one circuit on offer was the one whose key was fake.

The check now also requires that the four group elements are present, that `IC` holds
`nPublic + 1` points, and that every coordinate is a decimal element of the bn128 base field.
`"0x1234"` fails on the last of those before any of the arithmetic is reached. Real keys are
exported for all four circuits with
`snarkjs zkey export verificationkey <circuit>_0001.zkey <circuit>_js/verification_key.json`.

#### 5. `modular_ml_components` was withheld for the wrong reason, and the right one was worse

Its config entry pointed at a verification key in the root of `circuits_dir`:

```python
"vkey_path": self.circuits_dir / "verification_key.json",
```

The other three read `<circuit>_js/verification_key.json`, which is where snarkjs writes and
where the `.wasm` already lives. No circuit's key has ever been at the path this one named, so
the circuit was withheld for a missing file that was never going to be there.

The key behind that path is the more serious finding. `modular_ml_components_0001.zkey` was a
`groth16 setup` output — **zero phase-2 contributions** — and V23-24's refusal to load a
zero-contribution key reads the *filename*. The `_0001` was enough. Two independent fingerprints
in the binary say what the name does not:

| | `groth16 setup` output | after `zkey contribute` |
|---|---|---|
| section order | `[1, 2, 4, 3, 9, 8, 5, 6, 7, 10]` | `[1, 2, 3, 4, 5, 6, 7, 8, 9, 10]` |
| section 10 | 68 bytes — csHash and a zero count | one record appended per contribution |

So the guard now asks the file instead of the name. `read_zkey_contribution_count` reads the
`uint32` at offset 64 of section 10 — snarkjs's MPC parameters, the artifact's own statement about
itself — and `_resolve_proving_key` refuses on that count, keeping the filename check as well
because a `_0000` should be rejected by name too. This is the same correction the node's keystore
loader already got: a label is a claim, and the artifact is the fact.

That key was also cryptographically broken, independently of its contribution count:
`snarkjs zkey verify` rejected it with `Invalid alpha1`, and a proof generated with it verified
`false` against its own exported verification key. Zero contributions is not what caused that — a
control experiment on `ml_inference_verification_0000.zkey`, also a zero-contribution setup
output, round-tripped to `true`. Whatever produced the modular key produced garbage, which is why
no verification key was exported from it.

It has since been regenerated: `groth16 setup` against the service tree's own
`modular_ml_components.r1cs` and the `pot12_final.ptau` already sitting in that directory, then a
real `zkey contribute`, then a verification-key export. The circuit is offered again.

#### What the service does now

All four circuits load, and each one's proof verifies against the key the service itself loaded:

| circuit | contributions | `snarkjs zkey verify` | round-trip inputs | verified |
|---|---|---|---|---|
| `receipt_simple` | 1 | ZKey Ok! | `receiptHash = Poseidon(receipt)`, 4-element `receipt` | true |
| `ml_inference_verification` | 1 | ZKey Ok! | `x=3, w=4, b=5, expected=17` | true |
| `ml_training_verification` | 1 | ZKey Ok! | `initial_parameters=[1,2,3,4], learning_rate=0` | true |
| `modular_ml_components` | 1 | ZKey Ok! | `initial_parameters=[1,2,3,4], learning_rate=1` | true |

`snarkjs zkey verify` is the check that matters for a regenerated key: it validates the key
against its constraint system *and* the ceremony transcript it claims to descend from, which is
everything the `_0001` suffix only asserts.

#### Tests

`apps/coordinator-api/tests/test_v2391_zk_proving.py` is new: `_node_env()` puts snarkjs on
`NODE_PATH`; the generic script contains `fullProve` and no `wtns.calculate` and ends in
`process.exit(0)`; and — skipped unless snarkjs is actually installed — a real proof through
`generate_proof` verifies through `verify_proof`, which is the assertion none of the earlier
tests made.

`test_v023_zk_verification_trust.py` had built its fixtures with `Path.touch()`, so every
`_resolve_proving_key` test ran against empty files and could not have noticed a contribution
count. Those now copy real zkeys, and a new case renames a zero-contribution key to `_0001` and
asserts it is still refused. `tests/security/test_v2326_zk_artifacts.py` gains the placeholder-key
case and pins each shipped key's contribution count.

The three ZK files together: **22 tests, 0 failures, 0 skips** — the snarkjs-gated round-trip runs
rather than skipping, which is the point of installing it.

Root suite: **6,588 tests, 3 failures, 0 errors, 271 skipped** — the 6,579 baseline plus nine new
tests. The three failures are not from this work and are not ZK: `require_miner_api_key` reads
`coordinator_api.config.settings.miner_api_keys`, a singleton built at import, and falls back to
the `MINER_API_KEYS` environment variable only when that import fails. In the root suite the
import succeeds, so the fallback is unreachable and three tests that configure miner keys through
the environment get `401: No miner API keys configured`. Tracked under V23-68, where the same
mechanism has a deployment consequence.

#### Not fixed here

**The trusted setup is still development-only.** The regenerated modular contribution is named
`"1st Contributor Name"` — the same placeholder as the rest — with no transcript and no recorded
toxic-waste handling. Regenerating a key is not a ceremony, and
`COORDINATOR_ENABLE_ZK_VERIFICATION` remains false by default (V23-24/V23-32) for exactly that
reason.

**`node_modules/` is gitignored**, so this works on hosts where `npm install` has been run in
`apps/zk-circuits` and nowhere else. The startup error names the directory it searched, and
`COORDINATOR_SNARKJS_NODE_PATH` overrides it. The deployed coordinator-api runs from this working
tree, so none of this takes effect until the service restarts.

**`ml_training_verification`'s learning-rate constraint is not what its comment says.**
`learning_rate * (1 - learning_rate) === learning_rate` reduces to `learning_rate² = 0`, so zero
is the only satisfying value, while the source above it claims to ensure `0 < lr < 1`. The
round-trip in the table above passes with `learning_rate=0` and fails with anything else.

**`modular_ml_components` returns negative parameter updates.** Its first two public signals come
out as `r - 2` and `r - 1` for the inputs above. The circuit proves *something* about the values
it was given; whether that something is training is unreviewed.

**`_prepare_inputs` still feeds non-numeric strings** — job UUIDs, hex digests — to circuits whose
inputs must be field elements.

**The build tree still has no proving key for its own `modular_ml_components`.** That circuit is
527 wires here and 19 in the service tree (V23-26); only the service tree's was regenerated.

### V23-68b — the fix for a published credential, and the two ways it could not have worked · CONFIRMED → RESOLVED

V23-68 removed the promotion that made `COORDINATOR_API_KEY` — a key published in a
world-readable bootstrap file — a miner credential whenever no miner keys were configured, and
told operators to set `MINER_API_KEYS` instead. Both halves of that were unreachable, and main
was left red.

#### 1. `MINER_API_KEYS` could not be read where coordinator-api is importable

```python
try:
    from coordinator_api.config import settings as config_settings

    allowed_keys = config_settings.miner_api_keys
except (ImportError, AttributeError):
    # outside coordinator-api, fall back to the raw env string for tests
    raw = os.getenv("MINER_API_KEYS", "")
```

A failed *import* was treated as the only reason to consult the environment. But `settings` is
constructed once, at import, so it holds whatever the environment said at that moment and nothing
that arrives afterwards — and wherever coordinator-api is importable, which is every service that
installs it and the whole root test suite, the environment branch is dead code. A correctly
configured miner got `401: No miner API keys configured`.

`_configured_miner_keys()` reads both sources at the moment they are needed and merges them, so
where the value came from stops mattering. An empty result still refuses everyone; that part is
the point of V23-68.

#### 2. The value the documentation asks for stopped the service from starting

```
MINER_API_KEYS=miner-one-key-value,miner-two-key-value
```

```
SettingsError: error parsing value for field "miner_api_keys" from source "EnvSettingsSource"
```

pydantic-settings JSON-decodes any complex-typed variable inside `EnvSettingsSource`, *before*
field validators run, and raises on failure. `Settings.parse_api_keys` has a comma-separated
branch, and it had never been reachable from the environment — only from code passing a string
directly. So an operator following step 5 of `docs/ops/follower-api-key.md` would not have seen
401s: they would have had a coordinator-api that does not start, because that is where its
settings are read.

`client_api_keys`, `miner_api_keys` and `admin_api_keys` are now `Annotated[list[str], NoDecode]`,
which is what hands the raw string to the validator that was written for it. Comma-separated and
JSON-array forms both load; unset stays empty.

#### The two tests that were pinning the removed fallback

Of the three failures on main, one was fault 1 above. The other two —
`tests/security/test_auth_middleware.py::test_auth_middleware_accepts_miner_api_key` and
`::test_auth_middleware_blocks_miner_key_on_admin_route` — configured the miner credential as
`COORDINATOR_API_KEY`, which is exactly what V23-68 removed. They were recording the old
behaviour and were not updated when it changed, so they failed for the correct reason. They now
configure `MINER_API_KEYS`, and a new test asserts the coordinator key is refused on
`/v1/miners/*`, so the removal is pinned rather than merely un-pinned.
`test_auth_middleware_rejects_invalid_api_key` had also been passing for the wrong reason — no
keys were configured at all, so it never reached a comparison.

#### What operators have to do

`/etc/aitbc/aitbc-coordinator-api.env` on this host sets `COORDINATOR_API_KEY` and no
`MINER_API_KEYS`. The deployed coordinator-api runs from this working tree, so **at its next
restart every `X-Api-Key` request to the miner, settlement and marketplace routers answers 401**
until a miner key is configured. That is V23-68 working as intended, not a regression introduced
here, and it is the reason step 5 of the ops doc now says "before the next restart" and gives the
format.

#### Verification

Root suite: **6,593 tests, 0 failures, 0 errors, 271 skipped, exit 0** — green again, from 3
failures on `dd250092e`. The five added tests are the three `Settings` parsing forms, the
coordinator-key refusal on `/v1/miners/*`, and `_configured_miner_keys()` reading the environment
while coordinator-api is importable, which is the condition under which it could not.

`ruff`, `ruff format` and `mypy` clean over `aitbc/auth/dependencies.py` and
`apps/coordinator-api/src/coordinator_api/config.py`.

#### Not fixed here

`AuthMiddleware` catches any `HTTPException` from the dependency and rewrites it to
`{"detail": "Invalid API key"}`, so `No miner API keys configured` never reaches the client. An
operator debugging a 401 after a restart sees a message about the key they sent rather than the
list that is missing.
